Organization,Followed On
Quick Advertise,Mon Mar 06 20:00:57 UTC 2023
3Dmenu.tech,Thu Feb 09 12:43:26 UTC 2023
LinkedIn Learning,Sun Jan 22 19:52:56 UTC 2023
Microsoft Learn,Thu Nov 03 04:03:38 UTC 2022
Unilever,Mon Oct 31 09:53:32 UTC 2022
Zivame,Mon Sep 05 17:23:52 UTC 2022
Deloitte India,Mon Sep 05 16:52:43 UTC 2022
Bharti Airtel Limited ,Tue Aug 30 16:28:38 UTC 2022
Milestone First step to Job,Mon Aug 08 18:08:08 UTC 2022
Tiger Analytics,Mon Aug 08 09:41:18 UTC 2022
Simpl,Fri Aug 05 13:29:59 UTC 2022
Applicantz,Sat Jul 23 00:14:57 UTC 2022
Gulaq,Fri Jul 22 23:50:13 UTC 2022
Uplers,Fri Jul 22 22:24:51 UTC 2022
Deloitte,Fri Jul 22 20:49:45 UTC 2022
ClearJob,Thu Jul 14 15:08:11 UTC 2022
Shell,Sat Jun 25 00:12:29 UTC 2022
Service Geni,Thu Jun 02 07:22:37 UTC 2022
Sun King,Fri May 06 08:14:52 UTC 2022
Credibly,Tue May 03 08:42:02 UTC 2022
Decathlon Sports India,Mon May 02 10:03:05 UTC 2022
"Giant Eagle, Inc.",Sat Apr 09 01:23:25 UTC 2022
Tesco,Wed Mar 23 17:06:33 UTC 2022
NI (National Instruments),Wed Mar 23 16:41:24 UTC 2022
Xiaomi India,Wed Mar 23 16:40:25 UTC 2022
Ola,Wed Mar 23 15:24:35 UTC 2022
GirlCode ZA,Fri Mar 04 11:57:26 UTC 2022
KPMG India,Thu Feb 24 18:22:10 UTC 2022
BITS Pilani Work Integrated Learning Programmes,Thu Feb 17 09:01:51 UTC 2022
Maveric Systems Limited,Sat Jan 29 18:46:30 UTC 2022
Shark Tank India,Fri Jan 28 21:24:35 UTC 2022
Alfassa Intelligence,Wed Jan 26 09:38:52 UTC 2022
upGrad,Wed Jan 19 22:45:29 UTC 2022
HR'O'HOUR,Mon Dec 20 11:16:57 UTC 2021
Blinkit,Mon Dec 20 09:27:37 UTC 2021
DATAPOINT ANALYTICS,Wed Nov 24 20:48:38 UTC 2021
Tapesh Roy (तपेश राय) ,Sun Oct 10 16:23:17 UTC 2021
XLSCOUT,Wed Oct 06 14:38:56 UTC 2021
DataSafari,Mon Oct 04 12:54:56 UTC 2021
OM Foundation India,Sat Oct 02 17:09:29 UTC 2021
EXL Digital,Wed Aug 04 11:30:39 UTC 2021
Trell,Tue Jul 06 18:53:22 UTC 2021
Genpact,Sat Jul 03 11:53:20 UTC 2021
GIBots,Sat Jul 03 11:49:32 UTC 2021
Hinduja Tech Limited,Fri Jun 18 17:58:08 UTC 2021
GEPACA TECHNOLOGIES,Fri Jun 18 17:57:02 UTC 2021
GrayMatter Software Services Pvt Ltd,Fri Jun 18 17:56:23 UTC 2021
Blue Yonder,Fri Jun 18 17:54:36 UTC 2021
Johnson Controls,Tue Jun 15 18:55:27 UTC 2021
Hidden Brains InfoTech Pvt. Ltd.,Tue Jun 15 18:55:09 UTC 2021
Simplify Healthcare,Tue Jun 15 18:54:40 UTC 2021
TheraTraQ,Tue Jun 15 18:51:29 UTC 2021
FedEx,Tue Jun 15 18:50:27 UTC 2021
Hudson's Bay Company,Tue Jun 15 18:49:48 UTC 2021
EigenRisk Inc.,Tue Jun 15 18:49:26 UTC 2021
Meatigo.com,Tue Jun 15 18:41:34 UTC 2021
LogicMonitor,Tue Jun 15 18:41:08 UTC 2021
BlueOptima,Tue Jun 15 18:36:56 UTC 2021
Affle,Tue Jun 15 18:35:07 UTC 2021
ValueMap Technologies,Tue Jun 15 18:34:54 UTC 2021
AlgoAnalytics,Tue Jun 15 18:29:17 UTC 2021
Mashreq,Wed Jun 09 20:49:33 UTC 2021
Zevi,Wed Jun 09 20:46:20 UTC 2021
Kantar,Mon Jun 07 19:31:35 UTC 2021
Protium,Mon Jun 07 19:31:10 UTC 2021
21K School,Mon Jun 07 17:08:42 UTC 2021
Mindbowser Inc,Mon Jun 07 17:08:27 UTC 2021
"Finicity, a Mastercard Company",Mon Jun 07 16:38:22 UTC 2021
Dynapt.ai,Mon Jun 07 16:10:47 UTC 2021
CoreView Systems Private Limited,Mon Jun 07 16:07:02 UTC 2021
D&B Technologies & Data Services,Mon Jun 07 15:30:38 UTC 2021
DATAcated,Sun Jun 06 06:28:03 UTC 2021
Checkpoint Systems,Sat Jun 05 11:24:08 UTC 2021
Mercedes-Benz Research and Development India,Sat Jun 05 11:20:26 UTC 2021
Genesis Ray Energy,Sat Jun 05 11:19:54 UTC 2021
Arista Networks,Sat Jun 05 11:19:01 UTC 2021
Subex,Sat Jun 05 11:01:49 UTC 2021
badgefree - India's Unique Online Talent Marketplace,Sat Jun 05 10:58:53 UTC 2021
BUENO FINANCE INC.,Sat Jun 05 10:58:03 UTC 2021
S3 Group Inc,Fri Jun 04 02:14:13 UTC 2021
Cervello,Fri Jun 04 02:14:00 UTC 2021
FusionBizCorp Solutions,Fri Jun 04 02:13:18 UTC 2021
WhiteHat Jr,Fri Jun 04 02:13:05 UTC 2021
Thoucentric,Fri Jun 04 02:12:19 UTC 2021
Talent Toppers,Fri Jun 04 02:11:56 UTC 2021
TechPledge Consulting Services Pvt Ltd,Fri Jun 04 02:11:32 UTC 2021
WeKan Enterprise Solutions,Fri Jun 04 02:10:33 UTC 2021
OakNorth India,Fri Jun 04 02:10:20 UTC 2021
Domis Tech Private Limited,Fri Jun 04 02:09:55 UTC 2021
One Impression,Fri Jun 04 02:09:37 UTC 2021
Junglee Games,Fri Jun 04 02:08:34 UTC 2021
Borzo India,Fri Jun 04 02:04:44 UTC 2021
Atidiv,Fri Jun 04 02:03:51 UTC 2021
SkyServe,Fri Jun 04 02:03:37 UTC 2021
Smartlinks,Fri Jun 04 02:02:53 UTC 2021
Verisk,Fri Jun 04 02:02:10 UTC 2021
Head Digital Works,Fri Jun 04 01:58:50 UTC 2021
EXL,Fri Jun 04 01:58:15 UTC 2021
Perex Engineering Pvt Ltd,Fri Jun 04 01:57:11 UTC 2021
iNube Software Solutions Pvt Limited,Fri Jun 04 01:52:25 UTC 2021
NielsenIQ,Fri Jun 04 01:51:48 UTC 2021
Falabella India,Fri Jun 04 01:48:15 UTC 2021
Amdocs,Fri Jun 04 01:46:23 UTC 2021
Drip Capital,Fri Jun 04 01:42:33 UTC 2021
TensorIoT Inc.,Fri Jun 04 01:42:15 UTC 2021
GE HealthCare,Fri Jun 04 01:37:00 UTC 2021
CRISIL Limited,Fri Jun 04 01:36:41 UTC 2021
Rang De,Fri Jun 04 01:36:04 UTC 2021
The Luxury Closet,Fri Jun 04 01:35:37 UTC 2021
Quizizz,Fri Jun 04 01:33:15 UTC 2021
Verloop.io,Fri Jun 04 01:29:24 UTC 2021
Budding Analyst,Fri Jun 04 01:28:35 UTC 2021
Rekruit.it,Fri Jun 04 01:26:31 UTC 2021
Hike,Fri Jun 04 01:25:46 UTC 2021
Datamorphosis ,Thu Jun 03 15:38:26 UTC 2021
dunnhumby,Thu Jun 03 15:34:43 UTC 2021
Tanishi Consultants Pvt. Ltd.,Thu Jun 03 15:31:25 UTC 2021
Mate Labs,Wed Jun 02 20:53:17 UTC 2021
Infogain,Wed Jun 02 20:52:49 UTC 2021
ZapCom Group Inc,Wed Jun 02 20:52:39 UTC 2021
EPAM Systems,Wed Jun 02 20:52:25 UTC 2021
Data Sutram,Wed Jun 02 18:52:18 UTC 2021
Kawa Space,Wed Jun 02 18:51:20 UTC 2021
Wysa,Wed Jun 02 18:50:32 UTC 2021
SiMa.ai,Wed Jun 02 18:50:26 UTC 2021
Progressive Insights for Rural Development (PIRD),Wed Jun 02 18:48:33 UTC 2021
YouGov,Wed Jun 02 18:48:08 UTC 2021
Leena AI,Wed Jun 02 18:41:28 UTC 2021
Crawl Data,Wed Jun 02 18:41:11 UTC 2021
Line,Wed Jun 02 18:37:33 UTC 2021
Tech Mahindra,Wed Jun 02 18:37:04 UTC 2021
TheMathCompany,Wed Jun 02 18:36:47 UTC 2021
17LIVE Inc.,Wed Jun 02 18:35:57 UTC 2021
Metyis,Wed Jun 02 14:03:10 UTC 2021
Intellect Design Arena Ltd,Wed Jun 02 13:59:58 UTC 2021
KPMG Global Services (KGS),Wed Jun 02 13:58:51 UTC 2021
Rakuten India,Wed Jun 02 13:57:25 UTC 2021
HDFC Limited,Wed Jun 02 13:55:56 UTC 2021
GeeksGod,Wed Jun 02 13:32:35 UTC 2021
Nutanix,Wed Jun 02 12:15:36 UTC 2021
Networth Corp,Tue Jun 01 23:44:26 UTC 2021
nference,Tue Jun 01 23:43:50 UTC 2021
GALE,Tue Jun 01 23:43:27 UTC 2021
EZ Technologies,Tue Jun 01 23:42:25 UTC 2021
IELEKTRON TECHNOLOGIES PVT. LTD.,Tue Jun 01 20:32:27 UTC 2021
Maynooth University,Fri May 28 13:06:48 UTC 2021
Adagrad AI,Fri May 28 08:45:11 UTC 2021
grofers,Wed May 26 17:22:18 UTC 2021
Pidilite Industries Limited,Tue May 25 07:54:55 UTC 2021
Idexcel,Wed May 19 17:35:42 UTC 2021
BYJU'S,Wed May 19 17:35:16 UTC 2021
WOLVES by UpGrad,Mon May 17 16:34:31 UTC 2021
Wipro Technologies,Mon May 17 16:30:26 UTC 2021
CareerPartner,Sun May 16 22:40:00 UTC 2021
none,Sun May 16 22:38:12 UTC 2021
Renault Nissan Technology & Business Centre India,Sun May 16 21:25:54 UTC 2021
Akal Information Systems Ltd.,Sun May 16 21:25:25 UTC 2021
Viridios Capital,Sun May 16 21:24:59 UTC 2021
instealthmodepage,Sun May 16 21:24:13 UTC 2021
Fusion Practices,Sun May 16 21:23:37 UTC 2021
GyanSys Inc.,Fri May 07 16:01:22 UTC 2021
HCLTech,Fri May 07 13:52:54 UTC 2021
Cargill,Fri May 07 13:48:58 UTC 2021
Marsh McLennan,Tue May 04 17:45:31 UTC 2021
Crossover ,Mon May 03 21:55:22 UTC 2021
Abzooba,Mon May 03 21:54:50 UTC 2021
RigelSoft Technologies,Mon May 03 21:21:57 UTC 2021
Xoriant,Mon May 03 21:21:31 UTC 2021
Pentation Analytics,Mon May 03 21:21:07 UTC 2021
Condé Nast India,Mon May 03 21:18:51 UTC 2021
Elsevier,Mon May 03 21:07:07 UTC 2021
Ideas2IT Technologies,Mon May 03 21:06:47 UTC 2021
Entropik,Mon May 03 21:06:28 UTC 2021
Motive,Mon May 03 21:01:52 UTC 2021
ValueLabs,Mon May 03 20:51:14 UTC 2021
Snapminds Technologies LLP,Sun May 02 18:44:01 UTC 2021
MayHaps Consulting...!!!,Sun May 02 18:41:20 UTC 2021
Licious,Sun May 02 17:27:56 UTC 2021
The Souled Store,Sun May 02 17:05:10 UTC 2021
Emeritus,Sat May 01 17:48:45 UTC 2021
Capgemini Invent,Thu Apr 08 17:38:48 UTC 2021
prismo.ai,Sun Apr 04 14:46:08 UTC 2021
freeCodeCamp,Sat Mar 06 19:57:51 UTC 2021
Cuemath,Mon Feb 15 17:42:21 UTC 2021
AmyGB.ai,Thu Jan 14 15:30:47 UTC 2021
WorldData.AI,Wed Jan 13 19:39:58 UTC 2021
Trinity College Dublin,Tue Jan 12 21:19:41 UTC 2021
TransUnion,Tue Jan 12 19:51:06 UTC 2021
iNeuron.ai,Mon Jan 11 19:23:52 UTC 2021
Fractal,Mon Jan 11 14:42:43 UTC 2021
Sprinklr,Thu Jan 07 15:37:38 UTC 2021
Data Coach,Wed Jan 06 17:08:05 UTC 2021
IPsoft,Wed Jan 06 16:43:54 UTC 2021
All Star Games (Deftouch),Wed Jan 06 16:43:43 UTC 2021
Freshworks,Wed Jan 06 11:37:16 UTC 2021
Analytics Vidhya,Tue Jan 05 16:28:35 UTC 2021
Kunato.Ai,Sun Jan 03 12:41:45 UTC 2021
Analytics India Magazine,Sat Jan 02 13:17:36 UTC 2021
"Fluidata, Inc.",Tue Dec 29 21:25:22 UTC 2020
Alphaa AI,Tue Dec 15 22:43:45 UTC 2020
"o9 Solutions, Inc.",Tue Dec 01 09:58:45 UTC 2020
XLPAT,Mon Nov 30 15:45:44 UTC 2020
International Certified Career Coach,Mon Nov 30 13:30:43 UTC 2020
University College Dublin,Tue Nov 24 20:06:26 UTC 2020
DayToDay Health,Tue Nov 24 16:15:00 UTC 2020
University of the People,Mon Nov 16 15:15:36 UTC 2020
Intertrust Group,Wed Nov 11 19:13:54 UTC 2020
Chargeback Gurus,Wed Nov 11 17:29:01 UTC 2020
SymphonyAI,Fri Nov 06 15:01:26 UTC 2020
ChiStats,Fri Nov 06 14:42:31 UTC 2020
Airseva,Fri Nov 06 14:41:50 UTC 2020
Oracle,Tue Nov 03 14:01:24 UTC 2020
TabSquare,Tue Nov 03 14:01:17 UTC 2020
Kincentric ,Tue Nov 03 14:00:58 UTC 2020
Blue Power Partners,Tue Nov 03 14:00:51 UTC 2020
NIIT Limited,Tue Nov 03 13:59:30 UTC 2020
Celebal Technologies,Tue Nov 03 13:58:54 UTC 2020
Ambient.ai,Tue Nov 03 13:58:14 UTC 2020
"Kiwi, Inc.",Tue Nov 03 13:52:32 UTC 2020
TransUnion,Tue Nov 03 09:23:58 UTC 2020
Dr. Reddy's Laboratories,Mon Nov 02 22:04:15 UTC 2020
Kalpkriti Pvt. Ltd.,Mon Nov 02 20:51:39 UTC 2020
Dream Jobs Staffing Solution Pvt Ltd,Sun Oct 25 18:42:10 UTC 2020
Learn.MachineLearning,Fri Oct 23 10:31:11 UTC 2020
Modista,Wed Oct 14 15:13:05 UTC 2020
Peoplefy,Wed Oct 07 17:52:41 UTC 2020
Vedantu,Thu Sep 24 14:09:18 UTC 2020
DeepSphere.AI,Tue Sep 15 19:21:21 UTC 2020
anandlearningacademy,Sun Sep 13 12:08:36 UTC 2020
Code Warriors,Tue Sep 01 11:01:46 UTC 2020
MinionLabs,Tue Sep 01 08:58:44 UTC 2020
"Fossil Group, Inc.",Tue Sep 01 08:57:51 UTC 2020
towardsmachinelearning,Sun Aug 30 10:33:00 UTC 2020
Acuity Knowledge Partners,Fri Aug 28 19:51:55 UTC 2020
EduExcellence,Sat Aug 22 21:54:45 UTC 2020
Dataguise now part of PKWARE,Thu Aug 20 09:39:11 UTC 2020
RapidPricer B.V.,Mon Aug 10 13:22:15 UTC 2020
Altimetrik,Tue Aug 04 12:29:19 UTC 2020
Hackmakers,Thu Jul 23 21:20:47 UTC 2020
Workoopolis,Sun Jul 19 15:05:08 UTC 2020
K12 Techno Services Pvt. Ltd.,Fri Jul 17 18:57:11 UTC 2020
SaaS Talent Community ,Fri Jul 17 18:47:33 UTC 2020
Digital Guruji,Thu Jul 09 15:47:54 UTC 2020
Udacity Mentors & Reviewers Opportunities,Wed Jul 08 14:40:03 UTC 2020
AI Learner Hub,Sun Jul 05 10:35:45 UTC 2020
Data as Services,Sat Jun 27 10:41:45 UTC 2020
Tesdorpfs,Sat Jun 20 20:59:43 UTC 2020
Finaxar,Sat Jun 20 20:52:12 UTC 2020
Apptio,Fri Jun 19 21:41:33 UTC 2020
Sophos,Fri Jun 19 21:17:25 UTC 2020
ABP Network,Thu Jun 18 23:15:01 UTC 2020
Embibe,Mon Jun 15 16:16:58 UTC 2020
Corvid Consulting,Sun Jun 14 20:41:59 UTC 2020
"Impact HR Services (Recruitment, Resume Writing, LinkedIn Optimization, Career & Interview Guidance)",Sun Jun 14 20:08:04 UTC 2020
Cimpress India,Sun Jun 14 20:07:40 UTC 2020
Inviz AI,Sun Jun 14 20:07:09 UTC 2020
Lowe's India,Sun Jun 14 16:37:00 UTC 2020
PubMatic,Sat Jun 13 21:07:02 UTC 2020
Wipro Digital Operations and Platforms,Sat Jun 13 09:01:02 UTC 2020
Zycus,Wed Jun 10 07:02:02 UTC 2020
Ai Health Highway,Wed Jun 03 21:39:51 UTC 2020
Better,Wed Jun 03 20:31:44 UTC 2020
Stones2Milestones,Wed Jun 03 18:02:55 UTC 2020
Verdantis ,Mon Jun 01 20:03:19 UTC 2020
Syndicate Capital,Mon Jun 01 18:10:54 UTC 2020
Digital Aristotle,Mon Jun 01 18:09:33 UTC 2020
DataTrained,Sun May 31 11:28:56 UTC 2020
Droice Labs,Sat May 30 23:02:02 UTC 2020
Datamatics Staffing Services Ltd,Sat May 30 22:46:29 UTC 2020
ARYUPAY,Sat May 30 22:45:40 UTC 2020
Synergia Foundation,Sat May 30 21:56:09 UTC 2020
Wappnet Systems Pvt. Ltd.,Sat May 30 21:55:34 UTC 2020
Asite,Sat May 30 21:52:35 UTC 2020
CasaOne,Sat May 30 21:47:07 UTC 2020
bitscape,Sat May 30 21:38:53 UTC 2020
Huawei Technologies India,Sat May 30 21:36:13 UTC 2020
VMock,Sat May 30 21:06:44 UTC 2020
Ascendeum,Sat May 30 20:39:42 UTC 2020
MX Player,Wed May 27 19:11:38 UTC 2020
PayU,Wed May 27 19:09:37 UTC 2020
Truworth Health Technologies,Fri May 22 20:20:11 UTC 2020
ApplyClasses,Fri May 22 20:17:40 UTC 2020
Musubi Management ,Fri May 22 20:17:03 UTC 2020
Whatfix,Fri May 22 19:10:40 UTC 2020
SymphonyAI Retail CPG,Fri May 22 19:08:12 UTC 2020
BuddhiMed Technologies,Tue May 19 15:30:51 UTC 2020
Greenlight Planet,Mon May 18 16:21:18 UTC 2020
Epsilon India,Fri May 15 16:17:21 UTC 2020
Global Value Web,Thu May 14 17:59:47 UTC 2020
Estrego Energy Advisors Pvt Ltd,Wed May 13 18:50:57 UTC 2020
Aquis Search,Sun May 10 22:46:59 UTC 2020
Ushta Te Consultancy Services LLP,Sun May 10 07:27:40 UTC 2020
Venusgeo Solutions,Sun May 10 07:17:36 UTC 2020
Analytics Saves at Work,Sat May 09 19:32:58 UTC 2020
Walmart Global Tech India,Sat May 09 19:19:43 UTC 2020
Presidency University Bangalore,Sat May 09 19:14:31 UTC 2020
Postman,Fri May 08 19:07:54 UTC 2020
Accenture,Fri May 08 18:55:51 UTC 2020
Galytix,Fri May 08 00:18:39 UTC 2020
Udemy,Thu May 07 23:59:41 UTC 2020
Data-Mania,Wed May 06 17:41:27 UTC 2020
Wipro,Tue Sep 07 14:39:33 UTC 2021
Bosch Global Software Technologies,Mon May 04 19:57:19 UTC 2020
ArisGlobal,Mon May 04 17:19:36 UTC 2020
Happiest Minds Technologies,Sat May 02 19:52:52 UTC 2020
Mobile Premier League (MPL),Fri May 01 07:02:49 UTC 2020
ANZ,Wed Apr 29 21:52:05 UTC 2020
ibibo Group,Wed Apr 29 21:46:34 UTC 2020
Walmart Global Tech,Wed Apr 29 21:28:08 UTC 2020
Simplilearn,Wed Apr 29 15:52:45 UTC 2020
Purdue University,Wed Apr 29 15:40:54 UTC 2020
Goibibo,Tue Apr 28 20:13:43 UTC 2020
Jio,Tue Apr 28 20:10:01 UTC 2020
PredictivEye Inc.,Sat Apr 25 20:59:55 UTC 2020
Everlytics Data Science Pte Ltd,Sat Apr 25 20:31:01 UTC 2020
RadiusAI,Fri Apr 24 09:30:56 UTC 2020
Sony Research India,Tue Apr 21 09:28:04 UTC 2020
JobJenny.com,Wed Apr 15 16:06:01 UTC 2020
Certified Career Analyst,Tue Apr 14 14:25:46 UTC 2020
JioSaavn,Mon Apr 13 20:14:39 UTC 2020
AKS ProTalent,Mon Apr 13 19:25:05 UTC 2020
Academic-Knowledge,Wed Apr 08 19:49:07 UTC 2020
Disney+ Hotstar,Mon Mar 23 04:58:20 UTC 2020
Institute of Applied Technology,Sat Nov 09 15:01:05 UTC 2019
Oakridge International School,Sat Jun 29 11:49:54 UTC 2019
LinkedIn,Mon Feb 25 19:28:51 UTC 2019
UST,Mon Jul 16 21:15:53 UTC 2018
Jobs in Australia & New Zealand,Tue Nov 21 14:32:45 UTC 2017
BuildSupply ,Thu Apr 21 09:17:41 UTC 2016
Sankalp Semiconductor,Tue Mar 08 11:47:38 UTC 2016
ABP News,Thu Jan 28 10:13:03 UTC 2016
WIRED,Thu Jan 14 11:33:38 UTC 2016
The Economic Times,Thu Jan 14 11:33:15 UTC 2016
Financial Times,Thu Jan 14 11:33:00 UTC 2016
NVIDIA,Tue Dec 22 13:31:29 UTC 2015
Microsoft,Fri Oct 16 11:52:40 UTC 2015
EY,Tue Sep 29 10:34:22 UTC 2015
National Institute for Smart Government,Thu Aug 27 06:19:03 UTC 2015
Tata Consultancy Services,Mon Jul 20 18:55:12 UTC 2015
CH2M,Mon Jun 08 09:55:03 UTC 2015
Bajaj Allianz General Insurance,Wed May 27 05:39:33 UTC 2015
Kuehne+Nagel,Mon May 25 09:02:39 UTC 2015
Manhattan Associates,Mon May 25 07:24:50 UTC 2015
The New York Institute of Photography,Sat Sep 20 13:11:25 UTC 2014
Enelek Power,Fri Jul 26 10:30:27 UTC 2013