Login Date,IP Address,User Agent,Login Type
Sat Apr 17 17:20:46 UTC 2021,103.5.134.34,"Mozilla/5.0 (Macintosh; Intel Mac OS X 10_15_7) AppleWebKit/537.36 (KHTML, like Gecko) Chrome/89.0.4389.128 Safari/537.36",Login
Mon Apr 19 14:16:23 UTC 2021,103.5.134.34,"Mozilla/5.0 (Macintosh; Intel Mac OS X 10_15_7) AppleWebKit/537.36 (KHTML, like Gecko) Chrome/89.0.4389.128 Safari/537.36",Login
Fri Apr 23 08:44:02 UTC 2021,103.5.134.34,"Mozilla/5.0 (Macintosh; Intel Mac OS X 10_15_7) AppleWebKit/537.36 (KHTML, like Gecko) Chrome/89.0.4389.128 Safari/537.36",Login
Sun Apr 25 19:07:11 UTC 2021,103.5.134.34,"Mozilla/5.0 (Linux; Android 11; SM-A505F) AppleWebKit/537.36 (KHTML, like Gecko) Chrome/87.0.4280.101 Mobile Safari/537.36",Login
Sat May 01 15:17:37 UTC 2021,103.5.134.34,"Mozilla/5.0 (Macintosh; Intel Mac OS X 10_15_7) AppleWebKit/537.36 (KHTML, like Gecko) Chrome/90.0.4430.93 Safari/537.36",Login
Sat May 01 15:32:03 UTC 2021,103.5.134.34,"Mozilla/5.0 (Macintosh; Intel Mac OS X 10_15_7) AppleWebKit/537.36 (KHTML, like Gecko) Chrome/90.0.4430.93 Safari/537.36",Login
Sun May 02 17:28:43 UTC 2021,103.5.134.34,"Mozilla/5.0 (Macintosh; Intel Mac OS X 10_15_7) AppleWebKit/537.36 (KHTML, like Gecko) Chrome/90.0.4430.93 Safari/537.36",Login
Mon May 03 20:37:55 UTC 2021,103.5.134.34,"Mozilla/5.0 (Macintosh; Intel Mac OS X 10_15_7) AppleWebKit/537.36 (KHTML, like Gecko) Chrome/90.0.4430.93 Safari/537.36",Login
Tue May 04 17:44:45 UTC 2021,103.5.134.34,"Mozilla/5.0 (Macintosh; Intel Mac OS X 10_15_7) AppleWebKit/537.36 (KHTML, like Gecko) Chrome/90.0.4430.93 Safari/537.36",Login
Tue May 04 17:45:42 UTC 2021,103.5.134.34,"Mozilla/5.0 (Macintosh; Intel Mac OS X 10_15_7) AppleWebKit/537.36 (KHTML, like Gecko) Chrome/90.0.4430.93 Safari/537.36",Login
Wed May 05 10:15:28 UTC 2021,103.5.134.34,"Mozilla/5.0 (Macintosh; Intel Mac OS X 10_15_7) AppleWebKit/537.36 (KHTML, like Gecko) Chrome/90.0.4430.93 Safari/537.36",Login
Fri May 07 09:41:54 UTC 2021,103.5.134.34,"Mozilla/5.0 (Macintosh; Intel Mac OS X 10_15_7) AppleWebKit/537.36 (KHTML, like Gecko) Chrome/90.0.4430.93 Safari/537.36",Login
Sun May 09 16:18:03 UTC 2021,103.5.134.34,"Mozilla/5.0 (Macintosh; Intel Mac OS X 10_15_7) AppleWebKit/537.36 (KHTML, like Gecko) Chrome/90.0.4430.93 Safari/537.36",Login
Tue May 11 20:08:50 UTC 2021,103.5.134.34,"Mozilla/5.0 (Macintosh; Intel Mac OS X 10_15_7) AppleWebKit/537.36 (KHTML, like Gecko) Chrome/90.0.4430.93 Safari/537.36",Login
Thu May 13 10:16:46 UTC 2021,103.5.134.34,"Mozilla/5.0 (Macintosh; Intel Mac OS X 10_15_7) AppleWebKit/537.36 (KHTML, like Gecko) Chrome/90.0.4430.212 Safari/537.36",Login
Fri May 14 05:20:12 UTC 2021,103.5.134.34,"Mozilla/5.0 (Macintosh; Intel Mac OS X 10_15_7) AppleWebKit/537.36 (KHTML, like Gecko) Chrome/90.0.4430.212 Safari/537.36",Login
Fri May 14 18:26:20 UTC 2021,103.5.134.34,"Mozilla/5.0 (Macintosh; Intel Mac OS X 10_15_7) AppleWebKit/537.36 (KHTML, like Gecko) Chrome/90.0.4430.212 Safari/537.36",Login
Sun May 16 21:11:37 UTC 2021,103.5.134.34,"Mozilla/5.0 (Macintosh; Intel Mac OS X 10_15_7) AppleWebKit/537.36 (KHTML, like Gecko) Chrome/90.0.4430.212 Safari/537.36",Login
Sun May 16 23:02:22 UTC 2021,103.5.134.34,"Mozilla/5.0 (Macintosh; Intel Mac OS X 10_15_7) AppleWebKit/537.36 (KHTML, like Gecko) Chrome/90.0.4430.212 Safari/537.36",Login
Sun May 16 23:02:31 UTC 2021,103.5.134.34,"Mozilla/5.0 (Macintosh; Intel Mac OS X 10_15_7) AppleWebKit/537.36 (KHTML, like Gecko) Chrome/90.0.4430.212 Safari/537.36",Login
Tue May 18 12:17:38 UTC 2021,103.5.134.34,"Mozilla/5.0 (Macintosh; Intel Mac OS X 10_15_7) AppleWebKit/537.36 (KHTML, like Gecko) Chrome/90.0.4430.212 Safari/537.36",Login
Wed May 19 12:02:29 UTC 2021,103.5.134.34,"Mozilla/5.0 (Macintosh; Intel Mac OS X 10_15_7) AppleWebKit/537.36 (KHTML, like Gecko) Chrome/90.0.4430.212 Safari/537.36",Login
Thu May 20 21:15:25 UTC 2021,103.5.134.34,"Mozilla/5.0 (Linux; Android 11; SM-A505F) AppleWebKit/537.36 (KHTML, like Gecko) Chrome/87.0.4280.101 Mobile Safari/537.36",Login
Fri May 21 17:06:20 UTC 2021,103.5.134.34,"Mozilla/5.0 (Macintosh; Intel Mac OS X 10_15_7) AppleWebKit/537.36 (KHTML, like Gecko) Chrome/90.0.4430.212 Safari/537.36",Login
Sat May 22 09:03:34 UTC 2021,103.5.134.34,LIAuthLibrary:0.0.3 com.linkedin.android:4.1.576.1 samsung_SM-A505F:android_11,Login
Sun May 23 11:19:29 UTC 2021,103.5.134.34,"Mozilla/5.0 (Macintosh; Intel Mac OS X 10_15_7) AppleWebKit/537.36 (KHTML, like Gecko) Chrome/90.0.4430.212 Safari/537.36",Login
Mon May 24 13:46:28 UTC 2021,103.5.134.34,"Mozilla/5.0 (Macintosh; Intel Mac OS X 10_15_7) AppleWebKit/537.36 (KHTML, like Gecko) Chrome/90.0.4430.212 Safari/537.36",Login
Mon May 24 14:26:33 UTC 2021,103.5.134.34,"Mozilla/5.0 (Macintosh; Intel Mac OS X 10_15_7) AppleWebKit/537.36 (KHTML, like Gecko) Chrome/90.0.4430.212 Safari/537.36",Login
Wed May 26 13:17:12 UTC 2021,103.5.134.34,"Mozilla/5.0 (Macintosh; Intel Mac OS X 10_15_7) AppleWebKit/537.36 (KHTML, like Gecko) Chrome/90.0.4430.212 Safari/537.36",Login
Wed May 26 17:38:36 UTC 2021,103.5.134.34,"Mozilla/5.0 (Macintosh; Intel Mac OS X 10_15_7) AppleWebKit/537.36 (KHTML, like Gecko) Chrome/90.0.4430.212 Safari/537.36",Login
Thu May 27 12:15:47 UTC 2021,103.5.134.34,"Mozilla/5.0 (Macintosh; Intel Mac OS X 10_15_7) AppleWebKit/537.36 (KHTML, like Gecko) Chrome/91.0.4472.77 Safari/537.36",Login
Thu May 27 12:15:48 UTC 2021,103.5.134.34,"Mozilla/5.0 (Macintosh; Intel Mac OS X 10_15_7) AppleWebKit/537.36 (KHTML, like Gecko) Chrome/91.0.4472.77 Safari/537.36",Login
Thu May 27 22:05:14 UTC 2021,103.5.134.34,"Mozilla/5.0 (Linux; Android 11; SM-A505F Build/RP1A.200720.012; wv) AppleWebKit/537.36 (KHTML, like Gecko) Version/4.0 Chrome/89.0.4389.105 Mobile Safari/537.36",Login
Fri May 28 08:36:28 UTC 2021,103.5.134.34,"Mozilla/5.0 (Macintosh; Intel Mac OS X 10_15_7) AppleWebKit/537.36 (KHTML, like Gecko) Chrome/91.0.4472.77 Safari/537.36",Login
Sat May 29 09:48:53 UTC 2021,103.5.134.34,"Mozilla/5.0 (Macintosh; Intel Mac OS X 10_15_7) AppleWebKit/537.36 (KHTML, like Gecko) Chrome/91.0.4472.77 Safari/537.36",Login
Tue Jun 01 16:09:14 UTC 2021,103.5.134.34,"Mozilla/5.0 (Macintosh; Intel Mac OS X 10_15_7) AppleWebKit/537.36 (KHTML, like Gecko) Chrome/91.0.4472.77 Safari/537.36",Login
Tue Jun 01 21:36:22 UTC 2021,103.5.134.34,"Mozilla/5.0 (Macintosh; Intel Mac OS X 10_15_7) AppleWebKit/537.36 (KHTML, like Gecko) Chrome/91.0.4472.77 Safari/537.36",Login
Wed Jun 02 09:16:10 UTC 2021,103.5.134.34,"Mozilla/5.0 (Macintosh; Intel Mac OS X 10_15_7) AppleWebKit/537.36 (KHTML, like Gecko) Chrome/91.0.4472.77 Safari/537.36",Login
Wed Jun 02 18:08:40 UTC 2021,103.5.134.34,"Mozilla/5.0 (Macintosh; Intel Mac OS X 10_15_7) AppleWebKit/537.36 (KHTML, like Gecko) Chrome/91.0.4472.77 Safari/537.36",Login
Thu Jun 03 14:16:43 UTC 2021,103.5.134.34,"Mozilla/5.0 (Macintosh; Intel Mac OS X 10_15_7) AppleWebKit/537.36 (KHTML, like Gecko) Chrome/91.0.4472.77 Safari/537.36",Login
Fri Jun 04 01:10:03 UTC 2021,103.5.134.34,"Mozilla/5.0 (Macintosh; Intel Mac OS X 10_15_7) AppleWebKit/537.36 (KHTML, like Gecko) Chrome/91.0.4472.77 Safari/537.36",Login
Fri Jun 04 15:00:13 UTC 2021,103.5.134.34,"Mozilla/5.0 (Macintosh; Intel Mac OS X 10_15_7) AppleWebKit/537.36 (KHTML, like Gecko) Chrome/91.0.4472.77 Safari/537.36",Login
Mon Jun 07 15:16:45 UTC 2021,103.5.134.34,"Mozilla/5.0 (Macintosh; Intel Mac OS X 10_15_7) AppleWebKit/537.36 (KHTML, like Gecko) Chrome/91.0.4472.77 Safari/537.36",Login
Mon Jun 07 15:40:03 UTC 2021,103.5.134.34,"Mozilla/5.0 (Macintosh; Intel Mac OS X 10_15_7) AppleWebKit/537.36 (KHTML, like Gecko) Chrome/91.0.4472.77 Safari/537.36",Login
Tue Jun 08 11:06:10 UTC 2021,103.5.134.34,"Mozilla/5.0 (Macintosh; Intel Mac OS X 10_15_7) AppleWebKit/537.36 (KHTML, like Gecko) Chrome/91.0.4472.77 Safari/537.36",Login
Tue Jun 08 19:03:46 UTC 2021,103.5.134.34,"Mozilla/5.0 (Macintosh; Intel Mac OS X 10_15_7) AppleWebKit/537.36 (KHTML, like Gecko) Chrome/91.0.4472.77 Safari/537.36",Login
Wed Jun 09 15:15:46 UTC 2021,103.5.134.34,"Mozilla/5.0 (Macintosh; Intel Mac OS X 10_15_7) AppleWebKit/537.36 (KHTML, like Gecko) Chrome/91.0.4472.77 Safari/537.36",Login
Wed Jun 09 17:00:14 UTC 2021,103.5.134.34,"Mozilla/5.0 (Macintosh; Intel Mac OS X 10_15_7) AppleWebKit/537.36 (KHTML, like Gecko) Chrome/91.0.4472.77 Safari/537.36",Login
Thu Jun 10 15:40:16 UTC 2021,103.5.134.34,"Mozilla/5.0 (Macintosh; Intel Mac OS X 10_15_7) AppleWebKit/537.36 (KHTML, like Gecko) Chrome/91.0.4472.77 Safari/537.36",Login
Sat Jun 12 15:42:16 UTC 2021,182.73.121.98,"Mozilla/5.0 (Macintosh; Intel Mac OS X 10_15_7) AppleWebKit/537.36 (KHTML, like Gecko) Chrome/91.0.4472.77 Safari/537.36",Login
Mon Jun 14 13:29:13 UTC 2021,182.73.121.98,"Mozilla/5.0 (Macintosh; Intel Mac OS X 10_15_7) AppleWebKit/537.36 (KHTML, like Gecko) Chrome/91.0.4472.77 Safari/537.36",Login
Tue Jun 15 15:42:36 UTC 2021,182.73.121.98,"Mozilla/5.0 (Macintosh; Intel Mac OS X 10_15_7) AppleWebKit/537.36 (KHTML, like Gecko) Chrome/91.0.4472.77 Safari/537.36",Login
Thu Jun 17 16:14:21 UTC 2021,182.73.121.98,"Mozilla/5.0 (Macintosh; Intel Mac OS X 10_15_7) AppleWebKit/537.36 (KHTML, like Gecko) Chrome/91.0.4472.101 Safari/537.36",Login
Fri Jun 18 17:52:26 UTC 2021,182.73.121.98,"Mozilla/5.0 (Macintosh; Intel Mac OS X 10_15_7) AppleWebKit/537.36 (KHTML, like Gecko) Chrome/91.0.4472.114 Safari/537.36",Login
Fri Jun 18 17:53:08 UTC 2021,182.73.121.98,"Mozilla/5.0 (Macintosh; Intel Mac OS X 10_15_7) AppleWebKit/537.36 (KHTML, like Gecko) Chrome/91.0.4472.114 Safari/537.36",Login
Sun Jun 20 13:42:40 UTC 2021,103.5.134.34,"Mozilla/5.0 (Macintosh; Intel Mac OS X 10_15_7) AppleWebKit/537.36 (KHTML, like Gecko) Chrome/91.0.4472.114 Safari/537.36",Login
Mon Jun 21 13:17:21 UTC 2021,103.5.134.34,"Mozilla/5.0 (Macintosh; Intel Mac OS X 10_15_7) AppleWebKit/537.36 (KHTML, like Gecko) Chrome/91.0.4472.114 Safari/537.36",Login
Tue Jun 22 06:46:23 UTC 2021,103.5.134.34,"Mozilla/5.0 (Macintosh; Intel Mac OS X 10_15_7) AppleWebKit/537.36 (KHTML, like Gecko) Chrome/91.0.4472.114 Safari/537.36",Login
Fri Jun 25 15:07:35 UTC 2021,103.5.134.34,"Mozilla/5.0 (Macintosh; Intel Mac OS X 10_15_7) AppleWebKit/537.36 (KHTML, like Gecko) Chrome/91.0.4472.114 Safari/537.36",Login
Tue Jun 29 10:01:51 UTC 2021,103.5.134.34,"Mozilla/5.0 (Macintosh; Intel Mac OS X 10_15_7) AppleWebKit/537.36 (KHTML, like Gecko) Chrome/91.0.4472.114 Safari/537.36",Login
Tue Jun 29 15:25:54 UTC 2021,103.5.134.34,"Mozilla/5.0 (Macintosh; Intel Mac OS X 10_15_7) AppleWebKit/537.36 (KHTML, like Gecko) Chrome/91.0.4472.114 Safari/537.36",Login
Wed Jun 30 10:16:16 UTC 2021,103.5.134.34,"Mozilla/5.0 (Macintosh; Intel Mac OS X 10_15_7) AppleWebKit/537.36 (KHTML, like Gecko) Chrome/91.0.4472.114 Safari/537.36",Login
Sat Jul 03 06:47:24 UTC 2021,103.5.134.34,"Mozilla/5.0 (Macintosh; Intel Mac OS X 10_15_7) AppleWebKit/537.36 (KHTML, like Gecko) Chrome/91.0.4472.114 Safari/537.36",Login
Tue Jul 06 15:00:08 UTC 2021,103.5.134.34,"Mozilla/5.0 (Macintosh; Intel Mac OS X 10_15_7) AppleWebKit/537.36 (KHTML, like Gecko) Chrome/91.0.4472.114 Safari/537.36",Login
Fri Jul 16 19:09:46 UTC 2021,103.5.134.34,"Mozilla/5.0 (Macintosh; Intel Mac OS X 10_15_7) AppleWebKit/537.36 (KHTML, like Gecko) Chrome/91.0.4472.114 Safari/537.36",Login
Mon Jul 19 12:01:03 UTC 2021,103.5.134.34,"Mozilla/5.0 (Macintosh; Intel Mac OS X 10_15_7) AppleWebKit/537.36 (KHTML, like Gecko) Chrome/91.0.4472.114 Safari/537.36",Login
Tue Jul 20 08:21:02 UTC 2021,103.5.134.34,"Mozilla/5.0 (Macintosh; Intel Mac OS X 10_15_7) AppleWebKit/537.36 (KHTML, like Gecko) Chrome/91.0.4472.114 Safari/537.36",Login
Thu Jul 22 06:48:48 UTC 2021,103.5.134.34,"Mozilla/5.0 (Macintosh; Intel Mac OS X 10_15_7) AppleWebKit/537.36 (KHTML, like Gecko) Chrome/91.0.4472.164 Safari/537.36",Login
Mon Aug 02 07:07:12 UTC 2021,8.42.98.9,"Mozilla/5.0 (Windows NT 10.0; Win64; x64) AppleWebKit/537.36 (KHTML, like Gecko) Chrome/92.0.4515.107 Safari/537.36 Edg/92.0.902.62",Login
Mon Aug 02 13:46:24 UTC 2021,103.5.134.34,"Mozilla/5.0 (Linux; Android 11; SM-A505F Build/RP1A.200720.012; wv) AppleWebKit/537.36 (KHTML, like Gecko) Version/4.0 Chrome/91.0.4472.120 Mobile Safari/537.36",Login
Tue Aug 03 19:36:47 UTC 2021,103.5.134.34,"Mozilla/5.0 (Linux; Android 11; SM-A505F Build/RP1A.200720.012; wv) AppleWebKit/537.36 (KHTML, like Gecko) Version/4.0 Chrome/91.0.4472.120 Mobile Safari/537.36",Login
Wed Aug 04 11:30:32 UTC 2021,121.241.119.244,"Mozilla/5.0 (Windows NT 10.0; Win64; x64) AppleWebKit/537.36 (KHTML, like Gecko) Chrome/92.0.4515.107 Safari/537.36 Edg/92.0.902.62",Login
Thu Aug 19 13:40:18 UTC 2021,8.42.98.9,"Mozilla/5.0 (Windows NT 10.0; Win64; x64) AppleWebKit/537.36 (KHTML, like Gecko) Chrome/92.0.4515.131 Safari/537.36 Edg/92.0.902.73",Login
Mon Aug 23 11:01:29 UTC 2021,182.73.121.98,"Mozilla/5.0 (Macintosh; Intel Mac OS X 10_15_7) AppleWebKit/537.36 (KHTML, like Gecko) Chrome/92.0.4515.159 Safari/537.36",Login
Tue Sep 14 07:58:57 UTC 2021,103.5.134.34,"Mozilla/5.0 (Macintosh; Intel Mac OS X 10_15_7) AppleWebKit/537.36 (KHTML, like Gecko) Chrome/93.0.4577.63 Safari/537.36",Login
Mon Sep 20 07:36:20 UTC 2021,103.5.134.34,"Mozilla/5.0 (Macintosh; Intel Mac OS X 10_15_7) AppleWebKit/537.36 (KHTML, like Gecko) Chrome/93.0.4577.82 Safari/537.36",Login
Wed Sep 22 10:43:17 UTC 2021,103.5.134.34,"Mozilla/5.0 (Macintosh; Intel Mac OS X 10_15_7) AppleWebKit/537.36 (KHTML, like Gecko) Chrome/93.0.4577.82 Safari/537.36",Login
Tue Sep 28 17:03:12 UTC 2021,103.5.134.34,"Mozilla/5.0 (Linux; Android 11; SM-A505F) AppleWebKit/537.36 (KHTML, like Gecko) Chrome/92.0.4515.166 Mobile Safari/537.36",Login
Mon Oct 04 12:58:59 UTC 2021,103.5.134.34,"Mozilla/5.0 (Macintosh; Intel Mac OS X 10_15_7) AppleWebKit/537.36 (KHTML, like Gecko) Chrome/94.0.4606.61 Safari/537.36",Login
Wed Oct 06 08:42:07 UTC 2021,103.5.134.34,"Mozilla/5.0 (Macintosh; Intel Mac OS X 10_15_7) AppleWebKit/537.36 (KHTML, like Gecko) Chrome/94.0.4606.61 Safari/537.36",Login
Wed Oct 13 13:04:55 UTC 2021,2405:201:d021:4078:a0d6:f1cb:34b4:6b7d,"Mozilla/5.0 (Macintosh; Intel Mac OS X 10_15_7) AppleWebKit/537.36 (KHTML, like Gecko) Chrome/94.0.4606.71 Safari/537.36",Login
Mon Oct 18 13:27:04 UTC 2021,2405:201:d021:4078:79a6:4e78:fe64:4030,"Mozilla/5.0 (Macintosh; Intel Mac OS X 10_15_7) AppleWebKit/537.36 (KHTML, like Gecko) Chrome/94.0.4606.81 Safari/537.36",Login
Tue Oct 19 11:35:00 UTC 2021,2405:201:d021:4078:f49f:a1a2:8cff:7c56,"Mozilla/5.0 (Macintosh; Intel Mac OS X 10_15_7) AppleWebKit/537.36 (KHTML, like Gecko) Chrome/94.0.4606.81 Safari/537.36",Login
Wed Oct 27 17:13:54 UTC 2021,8.42.98.9,"Mozilla/5.0 (Windows NT 10.0; Win64; x64) AppleWebKit/537.36 (KHTML, like Gecko) Chrome/95.0.4638.54 Safari/537.36 Edg/95.0.1020.30",Login
Fri Nov 05 19:16:15 UTC 2021,2405:201:d021:4078:b4e7:6f65:841f:11b5,LIAuthLibrary:44.0.* com.linkedin.LinkedIn:9.22.443.6 iPhone:15.0.2,Login
Sat Nov 27 09:01:06 UTC 2021,2405:201:d021:4078:14f5:1ce6:fb63:bec,"Mozilla/5.0 (Macintosh; Intel Mac OS X 10_15_7) AppleWebKit/537.36 (KHTML, like Gecko) Chrome/96.0.4664.55 Safari/537.36",Login
Tue Nov 30 12:58:27 UTC 2021,8.42.98.9,"Mozilla/5.0 (Windows NT 10.0; Win64; x64) AppleWebKit/537.36 (KHTML, like Gecko) Chrome/96.0.4664.55 Safari/537.36 Edg/96.0.1054.34",Login
Fri Dec 10 15:14:26 UTC 2021,122.162.192.37,"Mozilla/5.0 (Macintosh; Intel Mac OS X 10_15_7) AppleWebKit/537.36 (KHTML, like Gecko) Chrome/96.0.4664.93 Safari/537.36",Login
Wed Dec 15 14:41:23 UTC 2021,122.162.192.37,"Mozilla/5.0 (iPhone; CPU iPhone OS 15_1_1 like Mac OS X) AppleWebKit/605.1.15 (KHTML, like Gecko) Version/15.1 Mobile/15E148 Safari/604.1",Login
Thu Dec 30 18:13:14 UTC 2021,2405:201:d021:4078:3937:17d7:a99e:6803,"Mozilla/5.0 (Macintosh; Intel Mac OS X 10_15_7) AppleWebKit/537.36 (KHTML, like Gecko) Chrome/96.0.4664.110 Safari/537.36",Login
Thu Jan 13 16:54:05 UTC 2022,2405:201:d021:4078:60e1:817a:42be:465c,"Mozilla/5.0 (Macintosh; Intel Mac OS X 10_15_7) AppleWebKit/537.36 (KHTML, like Gecko) Chrome/97.0.4692.71 Safari/537.36",Login
Fri Jan 14 11:28:21 UTC 2022,2405:201:d021:4078:19b2:7286:f65b:a61a,"Mozilla/5.0 (iPhone; CPU iPhone OS 15_1 like Mac OS X) AppleWebKit/605.1.15 (KHTML, like Gecko) GSA/194.0.419363360 Mobile/15E148 Safari/604.1",Login
Mon Jan 17 10:45:24 UTC 2022,8.42.98.9,"Mozilla/5.0 (Windows NT 10.0; Win64; x64) AppleWebKit/537.36 (KHTML, like Gecko) Chrome/97.0.4692.71 Safari/537.36 Edg/97.0.1072.62",Login
Fri Feb 04 02:59:39 UTC 2022,2405:201:d021:4070:f569:896b:2556:3af2,"Mozilla/5.0 (iPhone; CPU iPhone OS 15_2_1 like Mac OS X) AppleWebKit/605.1.15 (KHTML, like Gecko) Version/15.2 Mobile/15E148 Safari/604.1",Login
Fri Feb 04 03:01:07 UTC 2022,8.42.98.9,"Mozilla/5.0 (Windows NT 10.0; Win64; x64) AppleWebKit/537.36 (KHTML, like Gecko) Chrome/97.0.4692.99 Safari/537.36 Edg/97.0.1072.76",Login
Fri Feb 04 10:22:14 UTC 2022,2405:201:d021:4070:f160:79de:1603:8bc4,LIAuthLibrary:44.0.* com.linkedin.LinkedIn:9.22.3817 iPhone:15.2.1,Login
Tue Feb 08 07:22:42 UTC 2022,2405:201:d021:4070:e1ca:ff01:54e2:524f,LIAuthLibrary:44.0.* com.linkedin.LinkedIn:9.22.4110 iPhone:15.2.1,Login
Tue Feb 08 18:34:49 UTC 2022,121.241.119.244,"Mozilla/5.0 (Windows NT 10.0; Win64; x64) AppleWebKit/537.36 (KHTML, like Gecko) Chrome/98.0.4758.80 Safari/537.36 Edg/98.0.1108.43",Login
Tue Feb 08 18:34:57 UTC 2022,121.241.119.244,"Mozilla/5.0 (Windows NT 10.0; Win64; x64) AppleWebKit/537.36 (KHTML, like Gecko) Chrome/98.0.4758.80 Safari/537.36 Edg/98.0.1108.43",Login
Mon Feb 14 05:55:13 UTC 2022,2405:201:d021:4070:8923:94c5:b06:bb5e,"Mozilla/5.0 (Macintosh; Intel Mac OS X 10_15_7) AppleWebKit/537.36 (KHTML, like Gecko) Chrome/98.0.4758.80 Safari/537.36",Login
Wed Feb 16 10:51:11 UTC 2022,2405:201:d021:4070:60d5:f5f8:2f7e:60d7,"Mozilla/5.0 (Macintosh; Intel Mac OS X 10_15_7) AppleWebKit/537.36 (KHTML, like Gecko) Chrome/98.0.4758.80 Safari/537.36",Login
Sun Feb 20 21:20:07 UTC 2022,121.241.119.244,"Mozilla/5.0 (Windows NT 10.0; Win64; x64) AppleWebKit/537.36 (KHTML, like Gecko) Chrome/98.0.4758.102 Safari/537.36 Edg/98.0.1108.55",Login
Fri Mar 04 10:41:55 UTC 2022,2405:201:d021:4070:1d1b:b434:6b29:1ef4,"Mozilla/5.0 (Macintosh; Intel Mac OS X 10_15_7) AppleWebKit/537.36 (KHTML, like Gecko) Chrome/98.0.4758.109 Safari/537.36",Login
Wed Mar 09 11:44:23 UTC 2022,2405:201:d021:4070:dd9b:aa17:2e59:f0d7,"Mozilla/5.0 (Macintosh; Intel Mac OS X 10_15_7) AppleWebKit/537.36 (KHTML, like Gecko) Chrome/98.0.4758.109 Safari/537.36",Login
Mon Mar 14 10:30:18 UTC 2022,121.241.119.244,"Mozilla/5.0 (Windows NT 10.0; Win64; x64) AppleWebKit/537.36 (KHTML, like Gecko) Chrome/99.0.4844.51 Safari/537.36 Edg/99.0.1150.39",Login
Mon Mar 14 13:27:10 UTC 2022,2405:201:d021:4070:f961:821:4f05:2184,"Mozilla/5.0 (Macintosh; Intel Mac OS X 10_15_7) AppleWebKit/537.36 (KHTML, like Gecko) Chrome/99.0.4844.51 Safari/537.36",Login
Sun Mar 20 08:18:51 UTC 2022,2401:4900:1c36:6ea4:9c06:bc7b:6f10:8dfa,LIAuthLibrary:0.0.3 com.linkedin.android:4.1.679 samsung_SM-E236B:android_12,Login
Sun Mar 20 12:50:45 UTC 2022,223.235.25.237,"Mozilla/5.0 (Macintosh; Intel Mac OS X 10_15_7) AppleWebKit/537.36 (KHTML, like Gecko) Chrome/99.0.4844.74 Safari/537.36",Login
Tue Mar 22 09:31:10 UTC 2022,2409:4064:2d98:ded1:8d8c:5f4:820d:2e79,"Mozilla/5.0 (Macintosh; Intel Mac OS X 10_15_7) AppleWebKit/537.36 (KHTML, like Gecko) Chrome/99.0.4844.74 Safari/537.36",Login
Wed Mar 23 16:55:40 UTC 2022,223.190.121.214,"Mozilla/5.0 (Macintosh; Intel Mac OS X 10_15_7) AppleWebKit/537.36 (KHTML, like Gecko) Chrome/99.0.4844.74 Safari/537.36",Login
Wed Mar 23 16:55:49 UTC 2022,223.190.121.214,"Mozilla/5.0 (Macintosh; Intel Mac OS X 10_15_7) AppleWebKit/537.36 (KHTML, like Gecko) Chrome/99.0.4844.74 Safari/537.36",Login
Thu Mar 24 09:33:45 UTC 2022,2401:4900:1c36:5073:c134:7357:e647:ff92,"Mozilla/5.0 (Macintosh; Intel Mac OS X 10_15_7) AppleWebKit/537.36 (KHTML, like Gecko) Chrome/99.0.4844.83 Safari/537.36",Login
Fri Mar 25 09:20:53 UTC 2022,2401:4900:1c36:5073:e446:efb4:bac:64b0,"Mozilla/5.0 (Macintosh; Intel Mac OS X 10_15_7) AppleWebKit/537.36 (KHTML, like Gecko) Chrome/99.0.4844.83 Safari/537.36",Login
Fri Mar 25 21:04:36 UTC 2022,223.226.181.75,"Mozilla/5.0 (Macintosh; Intel Mac OS X 10_15_7) AppleWebKit/537.36 (KHTML, like Gecko) Chrome/99.0.4844.83 Safari/537.36",Login
Sat Mar 26 14:44:05 UTC 2022,171.50.149.186,"Mozilla/5.0 (Macintosh; Intel Mac OS X 10_15_7) AppleWebKit/537.36 (KHTML, like Gecko) Chrome/99.0.4844.83 Safari/537.36",Login
Tue Mar 29 09:25:03 UTC 2022,171.79.24.36,"Mozilla/5.0 (Macintosh; Intel Mac OS X 10_15_7) AppleWebKit/537.36 (KHTML, like Gecko) Chrome/99.0.4844.83 Safari/537.36",Login
Wed Mar 30 00:07:32 UTC 2022,223.226.161.92,"Mozilla/5.0 (iPhone; CPU iPhone OS 15_3_1 like Mac OS X) AppleWebKit/605.1.15 (KHTML, like Gecko) Version/15.3 Mobile/15E148 Safari/604.1",Login
Thu Mar 31 09:34:49 UTC 2022,2401:4900:1c36:4136:1d62:d4cc:e16b:8618,"Mozilla/5.0 (Macintosh; Intel Mac OS X 10_15_7) AppleWebKit/537.36 (KHTML, like Gecko) Chrome/99.0.4844.84 Safari/537.36",Login
Fri Apr 01 09:35:31 UTC 2022,223.190.33.25,"Mozilla/5.0 (Macintosh; Intel Mac OS X 10_15_7) AppleWebKit/537.36 (KHTML, like Gecko) Chrome/99.0.4844.84 Safari/537.36",Login
Sat Apr 02 06:01:15 UTC 2022,223.190.33.25,"Mozilla/5.0 (Macintosh; Intel Mac OS X 10_15_7) AppleWebKit/537.36 (KHTML, like Gecko) Chrome/99.0.4844.84 Safari/537.36",Login
Tue Apr 05 09:19:40 UTC 2022,2401:4900:1c36:6b68:d8dc:2f14:1908:b4ad,"Mozilla/5.0 (Macintosh; Intel Mac OS X 10_15_7) AppleWebKit/537.36 (KHTML, like Gecko) Chrome/99.0.4844.84 Safari/537.36",Login
Wed Apr 06 22:39:17 UTC 2022,2401:4900:1c36:6b68:d8dc:2f14:1908:b4ad,"Mozilla/5.0 (Macintosh; Intel Mac OS X 10_15_7) AppleWebKit/537.36 (KHTML, like Gecko) Chrome/99.0.4844.84 Safari/537.36",Login
Thu Apr 07 15:12:13 UTC 2022,171.79.31.182,"Mozilla/5.0 (Macintosh; Intel Mac OS X 10_15_7) AppleWebKit/537.36 (KHTML, like Gecko) Chrome/99.0.4844.84 Safari/537.36",Login
Sat Apr 09 05:19:16 UTC 2022,223.235.182.207,"Mozilla/5.0 (Macintosh; Intel Mac OS X 10_15_7) AppleWebKit/537.36 (KHTML, like Gecko) Chrome/100.0.4896.75 Safari/537.36",Login
Mon Apr 11 07:37:01 UTC 2022,2409:4064:e13:e1e4:2ca6:faf5:dc44:2ba9,"Mozilla/5.0 (Macintosh; Intel Mac OS X 10_15_7) AppleWebKit/537.36 (KHTML, like Gecko) Chrome/100.0.4896.75 Safari/537.36",Login
Mon Apr 11 18:59:06 UTC 2022,8.42.98.9,"Mozilla/5.0 (Windows NT 10.0; Win64; x64) AppleWebKit/537.36 (KHTML, like Gecko) Chrome/100.0.4896.75 Safari/537.36 Edg/100.0.1185.36",Login
Tue Apr 19 14:06:35 UTC 2022,2405:201:d021:4005:1f:5552:490e:c3c6,"Mozilla/5.0 (Macintosh; Intel Mac OS X 10_15_7) AppleWebKit/537.36 (KHTML, like Gecko) Chrome/100.0.4896.75 Safari/537.36",Login
Fri Apr 22 14:19:35 UTC 2022,2405:201:d021:4005:f0c0:41f0:d263:20cb,"Mozilla/5.0 (Macintosh; Intel Mac OS X 10_15_7) AppleWebKit/537.36 (KHTML, like Gecko) Chrome/100.0.4896.127 Safari/537.36",Login
Tue Apr 26 14:48:05 UTC 2022,2405:201:d021:4005:d946:2b2f:e783:2c7d,"Mozilla/5.0 (Macintosh; Intel Mac OS X 10_15_7) AppleWebKit/537.36 (KHTML, like Gecko) Chrome/100.0.4896.127 Safari/537.36",Login
Mon May 02 10:02:00 UTC 2022,2405:201:d021:4005:7de4:7ec7:cdb4:b4e3,"Mozilla/5.0 (Macintosh; Intel Mac OS X 10_15_7) AppleWebKit/537.36 (KHTML, like Gecko) Chrome/100.0.4896.127 Safari/537.36",Login
Tue May 03 08:59:14 UTC 2022,2405:201:d021:4005:7de4:7ec7:cdb4:b4e3,"Mozilla/5.0 (Macintosh; Intel Mac OS X 10_15_7) AppleWebKit/537.36 (KHTML, like Gecko) Chrome/100.0.4896.127 Safari/537.36",Login
Sat May 07 08:04:36 UTC 2022,2405:201:d021:4005:e540:3009:670:92dc,"Mozilla/5.0 (iPhone; CPU iPhone OS 15_4_1 like Mac OS X) AppleWebKit/605.1.15 (KHTML, like Gecko) Mobile/15E148 [LinkedInApp]/9.22.7115",Login
Sat May 07 08:05:16 UTC 2022,2405:201:d021:4005:e540:3009:670:92dc,LIAuthLibrary:44.0.* com.linkedin.LinkedIn:9.22.7115 iPhone:15.4.1,Login
Wed May 18 09:04:16 UTC 2022,103.5.134.34,"Mozilla/5.0 (Macintosh; Intel Mac OS X 10_15_7) AppleWebKit/537.36 (KHTML, like Gecko) Chrome/101.0.0.0 Safari/537.36",Login
Tue May 31 17:31:02 UTC 2022,103.5.134.34,"Mozilla/5.0 (Macintosh; Intel Mac OS X 10_15_7) AppleWebKit/537.36 (KHTML, like Gecko) Chrome/101.0.0.0 Safari/537.36",Login
Sat Jun 04 20:35:35 UTC 2022,2405:201:d021:48ba:e549:5a4e:a69:608,"Mozilla/5.0 (Macintosh; Intel Mac OS X 10_15_7) AppleWebKit/537.36 (KHTML, like Gecko) Chrome/102.0.5005.61 Safari/537.36",Login
Fri Jun 10 09:59:10 UTC 2022,182.73.121.98,"Mozilla/5.0 (Macintosh; Intel Mac OS X 10_15_7) AppleWebKit/537.36 (KHTML, like Gecko) Chrome/102.0.5005.61 Safari/537.36",Login
Fri Jun 17 20:51:58 UTC 2022,103.5.134.34,"Mozilla/5.0 (Macintosh; Intel Mac OS X 10_15_7) AppleWebKit/537.36 (KHTML, like Gecko) Chrome/102.0.5005.115 Safari/537.36",Login
Mon Jun 20 04:46:43 UTC 2022,2405:201:d021:4005:7051:4f0f:de99:8a2e,"Mozilla/5.0 (iPhone; CPU iPhone OS 15_5 like Mac OS X) AppleWebKit/605.1.15 (KHTML, like Gecko) GSA/216.0.453113025 Mobile/15E148 Safari/604.1",Login
Mon Jun 20 23:00:48 UTC 2022,2405:201:d021:4005:55f0:c1ef:f6a3:8056,"Mozilla/5.0 (Macintosh; Intel Mac OS X 10_15_7) AppleWebKit/537.36 (KHTML, like Gecko) Chrome/102.0.0.0 Safari/537.36",Login
Thu Jun 23 09:38:41 UTC 2022,2405:201:d021:4005:3c4a:21f6:293:3ab0,"Mozilla/5.0 (iPhone; CPU iPhone OS 15_5 like Mac OS X) AppleWebKit/605.1.15 (KHTML, like Gecko) Mobile/15E148 [LinkedInApp]/9.22.8893.2",Login
Thu Jun 23 09:40:06 UTC 2022,2405:201:d021:4005:3c4a:21f6:293:3ab0,LIAuthLibrary:44.0.* com.linkedin.LinkedIn:9.22.8893.2 iPhone:15.5,Login
Thu Jun 23 09:41:32 UTC 2022,2405:201:d021:4005:3c4a:21f6:293:3ab0,"Mozilla/5.0 (iPhone; CPU iPhone OS 15_5 like Mac OS X) AppleWebKit/605.1.15 (KHTML, like Gecko) Version/15.5 Mobile/15E148 Safari/604.1",Login
Fri Jun 24 17:16:51 UTC 2022,2405:201:d021:4005:519e:d76d:b715:fee1,"Mozilla/5.0 (Macintosh; Intel Mac OS X 10_15_7) AppleWebKit/537.36 (KHTML, like Gecko) Chrome/102.0.0.0 Safari/537.36",Login
Mon Jul 04 18:34:36 UTC 2022,2405:201:d021:419e:9c07:760e:5522:da22,"Mozilla/5.0 (iPhone; CPU iPhone OS 15_5 like Mac OS X) AppleWebKit/605.1.15 (KHTML, like Gecko) Version/15.5 Mobile/15E148 Safari/604.1",Login
Mon Jul 04 18:34:37 UTC 2022,2405:201:d021:419e:9c07:760e:5522:da22,"Mozilla/5.0 (iPhone; CPU iPhone OS 15_5 like Mac OS X) AppleWebKit/605.1.15 (KHTML, like Gecko) Version/15.5 Mobile/15E148 Safari/604.1",Login
Wed Jul 06 09:56:48 UTC 2022,2405:201:d021:4005:d54:e97:b5bd:8917,"Mozilla/5.0 (Macintosh; Intel Mac OS X 10_15_7) AppleWebKit/537.36 (KHTML, like Gecko) Chrome/103.0.0.0 Safari/537.36",Login
Thu Jul 07 10:35:24 UTC 2022,2405:201:d021:4005:d54:e97:b5bd:8917,"Mozilla/5.0 (Macintosh; Intel Mac OS X 10_15_7) AppleWebKit/537.36 (KHTML, like Gecko) Chrome/103.0.0.0 Safari/537.36",Login
Fri Jul 08 23:01:56 UTC 2022,2405:201:d021:4005:1c2f:c43a:f7d5:2b25,"Mozilla/5.0 (Macintosh; Intel Mac OS X 10_15_7) AppleWebKit/537.36 (KHTML, like Gecko) Chrome/103.0.0.0 Safari/537.36",Login
Mon Jul 11 10:09:07 UTC 2022,2405:201:d021:4005:3419:f4e5:ea0a:776f,"Mozilla/5.0 (Macintosh; Intel Mac OS X 10_15_7) AppleWebKit/537.36 (KHTML, like Gecko) Chrome/103.0.0.0 Safari/537.36",Login
Mon Jul 11 20:14:18 UTC 2022,2405:201:d021:4005:4dc1:b567:3635:dd88,"Mozilla/5.0 (iPhone; CPU iPhone OS 15_5 like Mac OS X) AppleWebKit/605.1.15 (KHTML, like Gecko) Mobile/15E148 [LinkedInApp]/9.22.9151.2",Login
Mon Jul 11 20:15:36 UTC 2022,2405:201:d021:4005:4dc1:b567:3635:dd88,LIAuthLibrary:44.0.* com.linkedin.LinkedIn:9.22.9151.2 iPhone:15.5,Login
Sun Jul 17 20:28:49 UTC 2022,2405:201:d021:4005:4198:44dc:4279:47d1,"Mozilla/5.0 (Macintosh; Intel Mac OS X 10_15_7) AppleWebKit/537.36 (KHTML, like Gecko) Chrome/103.0.0.0 Safari/537.36",Login
Wed Jul 20 14:44:41 UTC 2022,8.43.80.9,"Mozilla/5.0 (Windows NT 10.0; Win64; x64) AppleWebKit/537.36 (KHTML, like Gecko) Chrome/103.0.5060.114 Safari/537.36 Edg/103.0.1264.62",Login
Wed Jul 27 06:24:00 UTC 2022,121.241.119.244,"Mozilla/5.0 (Windows NT 10.0; Win64; x64) AppleWebKit/537.36 (KHTML, like Gecko) Chrome/103.0.5060.134 Safari/537.36 Edg/103.0.1264.71",Login
Wed Jul 27 06:56:00 UTC 2022,121.241.119.244,"Mozilla/5.0 (Windows NT 10.0; Win64; x64) AppleWebKit/537.36 (KHTML, like Gecko) Chrome/103.0.5060.134 Safari/537.36 Edg/103.0.1264.71",Login
Mon Aug 01 08:12:54 UTC 2022,2405:201:d021:4005:20f3:10b0:b63f:42bc,"Mozilla/5.0 (Macintosh; Intel Mac OS X 10_15_7) AppleWebKit/537.36 (KHTML, like Gecko) Chrome/103.0.0.0 Safari/537.36",Login
Tue Aug 02 18:54:02 UTC 2022,2405:201:d021:4b60:1ca7:e779:e934:3601,"Mozilla/5.0 (iPhone; CPU iPhone OS 15_5 like Mac OS X) AppleWebKit/605.1.15 (KHTML, like Gecko) Mobile/15E148 [LinkedInApp]/9.24.360",Login
Tue Aug 02 18:54:54 UTC 2022,2405:201:d021:4b60:1ca7:e779:e934:3601,LIAuthLibrary:44.0.* com.linkedin.LinkedIn:9.24.360 iPhone:15.5,Login
Tue Aug 02 19:20:29 UTC 2022,2405:201:d021:4b60:1ca7:e779:e934:3601,"Mozilla/5.0 (iPhone; CPU iPhone OS 15_5 like Mac OS X) AppleWebKit/605.1.15 (KHTML, like Gecko) CriOS/103.0.5060.63 Mobile/15E148 Safari/604.1",Login
Sun Aug 07 13:50:29 UTC 2022,2401:4900:275b:30c:55f1:ef0:bb47:18c3,"Mozilla/5.0 (iPhone; CPU iPhone OS 15_6 like Mac OS X) AppleWebKit/605.1.15 (KHTML, like Gecko) Mobile/15E148 [LinkedInApp]/9.24.616",Login
Sun Aug 07 13:50:30 UTC 2022,2401:4900:275b:30c:55f1:ef0:bb47:18c3,"Mozilla/5.0 (iPhone; CPU iPhone OS 15_6 like Mac OS X) AppleWebKit/605.1.15 (KHTML, like Gecko) Mobile/15E148 [LinkedInApp]/9.24.616",Login
Sun Aug 07 13:50:32 UTC 2022,2401:4900:275b:30c:55f1:ef0:bb47:18c3,"Mozilla/5.0 (iPhone; CPU iPhone OS 15_6 like Mac OS X) AppleWebKit/605.1.15 (KHTML, like Gecko) Mobile/15E148 [LinkedInApp]/9.24.616",Login
Sun Aug 07 13:50:34 UTC 2022,2401:4900:275b:30c:55f1:ef0:bb47:18c3,"Mozilla/5.0 (iPhone; CPU iPhone OS 15_6 like Mac OS X) AppleWebKit/605.1.15 (KHTML, like Gecko) Mobile/15E148 [LinkedInApp]/9.24.616",Login
Sun Aug 07 13:50:34 UTC 2022,2401:4900:275b:30c:55f1:ef0:bb47:18c3,"Mozilla/5.0 (iPhone; CPU iPhone OS 15_6 like Mac OS X) AppleWebKit/605.1.15 (KHTML, like Gecko) Mobile/15E148 [LinkedInApp]/9.24.616",Login
Sun Aug 07 13:51:19 UTC 2022,2401:4900:275b:30c:55f1:ef0:bb47:18c3,LIAuthLibrary:44.0.* com.linkedin.LinkedIn:9.24.616 iPhone:15.6,Login
Sun Aug 07 13:51:20 UTC 2022,2401:4900:275b:30c:55f1:ef0:bb47:18c3,LIAuthLibrary:44.0.* com.linkedin.LinkedIn:9.24.616 iPhone:15.6,Login
Sun Aug 07 14:01:18 UTC 2022,2401:4900:275b:30c:55f1:ef0:bb47:18c3,LIAuthLibrary:44.0.* com.linkedin.LinkedIn:9.24.616 iPhone:15.6,Login
Sun Aug 07 14:01:19 UTC 2022,2401:4900:275b:30c:55f1:ef0:bb47:18c3,LIAuthLibrary:44.0.* com.linkedin.LinkedIn:9.24.616 iPhone:15.6,Login
Sun Aug 07 17:49:48 UTC 2022,2405:201:d021:4005:48a2:908d:c8f:4359,"Mozilla/5.0 (Macintosh; Intel Mac OS X 10_15_7) AppleWebKit/537.36 (KHTML, like Gecko) Chrome/103.0.0.0 Safari/537.36",Login
Sun Aug 07 21:19:38 UTC 2022,2405:201:d021:4005:7d45:c8ba:590b:f4a1,LIAuthLibrary:44.0.* com.linkedin.LinkedIn:9.24.616 iPhone:15.6,Login
Fri Aug 12 09:29:36 UTC 2022,2405:201:d021:4005:2c15:aa51:ce78:4615,"Mozilla/5.0 (Macintosh; Intel Mac OS X 10_15_7) AppleWebKit/537.36 (KHTML, like Gecko) Chrome/104.0.0.0 Safari/537.36",Login
Mon Aug 15 13:19:54 UTC 2022,12.42.50.52,"Mozilla/5.0 (Windows NT 10.0; Win64; x64) AppleWebKit/537.36 (KHTML, like Gecko) Chrome/104.0.5112.81 Safari/537.36 Edg/104.0.1293.47",Login
Wed Aug 17 10:25:44 UTC 2022,2405:201:d021:4005:53e:6bec:b79b:980c,"Mozilla/5.0 (Macintosh; Intel Mac OS X 10_15_7) AppleWebKit/537.36 (KHTML, like Gecko) Chrome/104.0.0.0 Safari/537.36",Login
Thu Aug 18 13:49:38 UTC 2022,2405:201:d021:4005:806f:767d:ad07:2d09,"Mozilla/5.0 (Macintosh; Intel Mac OS X 10_15_7) AppleWebKit/537.36 (KHTML, like Gecko) Chrome/104.0.0.0 Safari/537.36",Login
Mon Aug 22 08:26:24 UTC 2022,115.111.186.29,"Mozilla/5.0 (Windows NT 10.0; Win64; x64) AppleWebKit/537.36 (KHTML, like Gecko) Chrome/104.0.5112.102 Safari/537.36 Edg/104.0.1293.63",Login
Wed Aug 24 11:44:45 UTC 2022,2405:201:d021:4005:2959:6d5a:a12b:4980,"Mozilla/5.0 (Macintosh; Intel Mac OS X 10_15_7) AppleWebKit/537.36 (KHTML, like Gecko) Chrome/104.0.0.0 Safari/537.36",Login
Fri Aug 26 11:01:34 UTC 2022,2405:201:d021:4005:5cb8:fc2f:76be:c331,"Mozilla/5.0 (Macintosh; Intel Mac OS X 10_15_7) AppleWebKit/537.36 (KHTML, like Gecko) Chrome/104.0.0.0 Safari/537.36",Login
Fri Sep 02 17:45:16 UTC 2022,2405:201:d021:4005:2830:65eb:abf3:aeb6,"Mozilla/5.0 (Macintosh; Intel Mac OS X 10_15_7) AppleWebKit/537.36 (KHTML, like Gecko) Chrome/104.0.0.0 Safari/537.36",Login
Fri Sep 02 17:50:12 UTC 2022,2405:201:d021:4005:2830:65eb:abf3:aeb6,"Mozilla/5.0 (Macintosh; Intel Mac OS X 10_15_7) AppleWebKit/537.36 (KHTML, like Gecko) Chrome/104.0.0.0 Safari/537.36",Login
Sat Sep 03 14:41:50 UTC 2022,2405:201:d021:4005:a007:3e60:a9e6:2f5d,"Mozilla/5.0 (Macintosh; Intel Mac OS X 10_15_7) AppleWebKit/537.36 (KHTML, like Gecko) Chrome/104.0.0.0 Safari/537.36",Login
Sun Sep 04 14:39:42 UTC 2022,2405:201:d021:4005:29ae:140c:caae:7fa7,"Mozilla/5.0 (Macintosh; Intel Mac OS X 10_15_7) AppleWebKit/537.36 (KHTML, like Gecko) Chrome/104.0.0.0 Safari/537.36",Login
Mon Sep 05 16:38:16 UTC 2022,2405:201:d021:4005:f5f2:8e91:5357:59f1,"Mozilla/5.0 (Macintosh; Intel Mac OS X 10_15_7) AppleWebKit/537.36 (KHTML, like Gecko) Chrome/104.0.0.0 Safari/537.36",Login
Tue Sep 06 09:40:23 UTC 2022,2405:201:d021:4005:cddb:d5af:9622:456c,"Mozilla/5.0 (Macintosh; Intel Mac OS X 10_15_7) AppleWebKit/537.36 (KHTML, like Gecko) Chrome/104.0.0.0 Safari/537.36",Login
Fri Sep 09 12:20:16 UTC 2022,2405:201:d021:4005:859a:7487:f346:85d2,"Mozilla/5.0 (Macintosh; Intel Mac OS X 10_15_7) AppleWebKit/537.36 (KHTML, like Gecko) Chrome/104.0.0.0 Safari/537.36",Login
Sun Sep 11 14:40:14 UTC 2022,2405:201:d021:4005:e9a9:e879:5a2a:e7cb,"Mozilla/5.0 (Macintosh; Intel Mac OS X 10_15_7) AppleWebKit/537.36 (KHTML, like Gecko) Chrome/105.0.0.0 Safari/537.36",Login
Mon Sep 12 19:27:36 UTC 2022,2405:201:d021:4005:85b1:da6a:e119:24f5,"Mozilla/5.0 (Macintosh; Intel Mac OS X 10_15_7) AppleWebKit/537.36 (KHTML, like Gecko) Chrome/105.0.0.0 Safari/537.36",Login
Thu Sep 15 08:53:29 UTC 2022,2405:201:d021:4005:2de1:18be:a915:98e5,"Mozilla/5.0 (Windows NT 10.0; Win64; x64) AppleWebKit/537.36 (KHTML, like Gecko) Chrome/105.0.0.0 Safari/537.36",Login
Thu Sep 15 18:30:39 UTC 2022,2405:201:d021:4005:94ce:1a85:a886:4be5,"Mozilla/5.0 (Macintosh; Intel Mac OS X 10_15_7) AppleWebKit/537.36 (KHTML, like Gecko) Chrome/105.0.0.0 Safari/537.36",Login
Fri Sep 16 11:15:54 UTC 2022,2405:201:d021:4005:4d96:afa6:77d2:a4a3,"Mozilla/5.0 (Macintosh; Intel Mac OS X 10_15_7) AppleWebKit/537.36 (KHTML, like Gecko) Chrome/105.0.0.0 Safari/537.36",Login
Fri Sep 16 16:54:59 UTC 2022,2405:201:d021:4005:940d:e093:115c:1abf,"Mozilla/5.0 (iPhone; CPU iPhone OS 15_6_1 like Mac OS X) AppleWebKit/605.1.15 (KHTML, like Gecko) Mobile/15E148",Login
Fri Sep 16 23:27:33 UTC 2022,2405:201:d021:4005:940d:e093:115c:1abf,"Mozilla/5.0 (iPhone; CPU iPhone OS 15_6_1 like Mac OS X) AppleWebKit/605.1.15 (KHTML, like Gecko) Mobile/15E148 [LinkedInApp]/9.24.2093",Login
Fri Sep 16 23:28:15 UTC 2022,2405:201:d021:4005:940d:e093:115c:1abf,LIAuthLibrary:44.0.* com.linkedin.LinkedIn:9.24.2093 iPhone:15.6.1,Login
Sat Sep 17 14:47:40 UTC 2022,2405:201:d021:4005:34a7:bfda:6df8:45db,"Mozilla/5.0 (Macintosh; Intel Mac OS X 10_15_7) AppleWebKit/537.36 (KHTML, like Gecko) Chrome/105.0.0.0 Safari/537.36",Login
Mon Sep 19 07:18:30 UTC 2022,163.116.199.116,"Mozilla/5.0 (Windows NT 10.0; Win64; x64) AppleWebKit/537.36 (KHTML, like Gecko) Chrome/105.0.0.0 Safari/537.36 Edg/105.0.1343.42",Login
Mon Sep 19 07:18:33 UTC 2022,163.116.199.116,"Mozilla/5.0 (Windows NT 10.0; Win64; x64) AppleWebKit/537.36 (KHTML, like Gecko) Chrome/105.0.0.0 Safari/537.36 Edg/105.0.1343.42",Login
Tue Sep 20 14:44:27 UTC 2022,122.171.19.213,"Mozilla/5.0 (Windows NT 10.0; Win64; x64) AppleWebKit/537.36 (KHTML, like Gecko) Chrome/105.0.0.0 Safari/537.36",Login
Sat Oct 01 21:06:30 UTC 2022,2405:201:d021:4005:9a9:6fc8:2825:8ba2,"Mozilla/5.0 (iPhone; CPU iPhone OS 15_6_1 like Mac OS X) AppleWebKit/605.1.15 (KHTML, like Gecko) Mobile/15E148 [LinkedInApp]/9.24.2655",Login
Sat Oct 01 21:07:37 UTC 2022,2405:201:d021:4005:9a9:6fc8:2825:8ba2,LIAuthLibrary:44.0.* com.linkedin.LinkedIn:9.24.2655 iPhone:15.6.1,Login
Thu Oct 06 11:50:05 UTC 2022,171.76.85.69,"Mozilla/5.0 (Macintosh; Intel Mac OS X 10_15_7) AppleWebKit/537.36 (KHTML, like Gecko) Chrome/105.0.0.0 Safari/537.36",Login
Fri Oct 07 22:27:31 UTC 2022,2405:201:d021:4005:1999:d5b9:3cc6:bf32,"Mozilla/5.0 (Macintosh; Intel Mac OS X 10_15_7) AppleWebKit/537.36 (KHTML, like Gecko) Chrome/105.0.0.0 Safari/537.36",Login
Mon Oct 10 14:53:31 UTC 2022,2405:201:d021:4005:2581:b0f1:222:3af2,"Mozilla/5.0 (Windows NT 10.0; Win64; x64) AppleWebKit/537.36 (KHTML, like Gecko) Chrome/106.0.0.0 Safari/537.36 Edg/106.0.1370.37",Login
Mon Oct 10 16:14:13 UTC 2022,2405:201:d021:4005:5575:ec77:2590:32f4,"Mozilla/5.0 (Windows NT 10.0; Win64; x64) AppleWebKit/537.36 (KHTML, like Gecko) Chrome/106.0.0.0 Safari/537.36 Edg/106.0.1370.37",Login
Tue Oct 11 15:05:30 UTC 2022,122.171.20.160,"Mozilla/5.0 (Windows NT 10.0; Win64; x64) AppleWebKit/537.36 (KHTML, like Gecko) Chrome/106.0.0.0 Safari/537.36 Edg/106.0.1370.37",Login
Wed Oct 12 16:02:55 UTC 2022,2405:201:d021:4005:58e7:2177:774c:9904,"Mozilla/5.0 (Macintosh; Intel Mac OS X 10_15_7) AppleWebKit/537.36 (KHTML, like Gecko) Chrome/106.0.0.0 Safari/537.36",Login
Fri Oct 14 00:42:47 UTC 2022,2405:201:d021:4005:2926:d773:77f3:defe,"Mozilla/5.0 (iPhone; CPU iPhone OS 15_6 like Mac OS X) AppleWebKit/605.1.15 (KHTML, like Gecko) GSA/233.0.478398274 Mobile/15E148 Safari/604.1",Login
Mon Oct 17 16:30:35 UTC 2022,2405:201:d021:4005:f564:19cc:d937:aebc,"Mozilla/5.0 (Macintosh; Intel Mac OS X 10_15_7) AppleWebKit/537.36 (KHTML, like Gecko) Chrome/106.0.0.0 Safari/537.36",Login
Mon Oct 17 18:31:55 UTC 2022,2405:201:d021:4005:54cc:5aaa:2e39:3596,LIAuthLibrary:0.0.3 com.linkedin.android:4.1.742 realme_RMX3581:android_11,Login
Mon Oct 17 19:14:33 UTC 2022,2405:201:d021:4005:7dae:83a8:2dfc:8a8e,"Mozilla/5.0 (iPhone; CPU iPhone OS 15_6_1 like Mac OS X) AppleWebKit/605.1.15 (KHTML, like Gecko) Version/15.6.1 Mobile/15E148 Safari/604.1",Login
Mon Oct 17 19:14:34 UTC 2022,2405:201:d021:4005:7dae:83a8:2dfc:8a8e,"Mozilla/5.0 (iPhone; CPU iPhone OS 15_6_1 like Mac OS X) AppleWebKit/605.1.15 (KHTML, like Gecko) Version/15.6.1 Mobile/15E148 Safari/604.1",Login
Fri Oct 21 21:25:56 UTC 2022,2405:201:d021:4005:dc10:3343:d928:5406,"Mozilla/5.0 (Windows NT 10.0; Win64; x64) AppleWebKit/537.36 (KHTML, like Gecko) Chrome/106.0.0.0 Safari/537.36 Edg/106.0.1370.47",Login
Tue Oct 25 12:12:30 UTC 2022,2405:201:d021:4005:2de3:1d61:399d:9a25,"Mozilla/5.0 (Macintosh; Intel Mac OS X 10_15_7) AppleWebKit/537.36 (KHTML, like Gecko) Chrome/106.0.0.0 Safari/537.36",Login
Mon Oct 31 15:36:04 UTC 2022,2405:201:d021:4005:d00c:c363:11a0:7995,"Mozilla/5.0 (Macintosh; Intel Mac OS X 10_15_7) AppleWebKit/537.36 (KHTML, like Gecko) Chrome/106.0.0.0 Safari/537.36",Login
Tue Nov 01 16:27:56 UTC 2022,2405:201:d021:4005:91a9:61a1:1875:12bd,"Mozilla/5.0 (Macintosh; Intel Mac OS X 10_15_7) AppleWebKit/537.36 (KHTML, like Gecko) Chrome/107.0.0.0 Safari/537.36",Login
Sun Nov 06 06:14:23 UTC 2022,171.76.81.142,"Mozilla/5.0 (Macintosh; Intel Mac OS X 10_15_7) AppleWebKit/537.36 (KHTML, like Gecko) Chrome/107.0.0.0 Safari/537.36",Login
Wed Nov 09 05:44:14 UTC 2022,2405:201:d021:4005:9c37:d1e2:10b9:4058,"Mozilla/5.0 (Windows NT 10.0; Win64; x64) AppleWebKit/537.36 (KHTML, like Gecko) Chrome/107.0.0.0 Safari/537.36 Edg/107.0.1418.35",Login
Tue Nov 22 06:31:24 UTC 2022,2405:201:d021:4005:8dcf:4f17:dc13:d71f,"Mozilla/5.0 (Macintosh; Intel Mac OS X 10_15_7) AppleWebKit/537.36 (KHTML, like Gecko) Chrome/107.0.0.0 Safari/537.36",Login
Mon Nov 28 17:05:27 UTC 2022,2405:201:d021:4005:cc1b:46b3:99fa:cc00,"Mozilla/5.0 (Windows NT 10.0; Win64; x64) AppleWebKit/537.36 (KHTML, like Gecko) Chrome/107.0.0.0 Safari/537.36 Edg/107.0.1418.56",Login
Wed Jan 04 14:32:11 UTC 2023,2405:201:d021:4005:d4b5:18ef:6326:e73e,"Mozilla/5.0 (Macintosh; Intel Mac OS X 10_15_7) AppleWebKit/537.36 (KHTML, like Gecko) Chrome/108.0.0.0 Safari/537.36",Login
Sat Jan 21 17:15:49 UTC 2023,2405:201:d021:4005:30ce:dca8:26e7:e8f1,"Mozilla/5.0 (Macintosh; Intel Mac OS X 10_15_7) AppleWebKit/537.36 (KHTML, like Gecko) Chrome/109.0.0.0 Safari/537.36",Login
Sun Jan 22 13:49:07 UTC 2023,2405:201:d021:4005:c86a:9669:15a8:a9b7,"Mozilla/5.0 (Windows NT 10.0; Win64; x64) AppleWebKit/537.36 (KHTML, like Gecko) Chrome/109.0.0.0 Safari/537.36 Edg/109.0.1518.61",Login
Tue Jan 24 13:32:59 UTC 2023,121.242.140.70,"Mozilla/5.0 (Macintosh; Intel Mac OS X 10_15_7) AppleWebKit/537.36 (KHTML, like Gecko) Chrome/109.0.0.0 Safari/537.36",Login
Fri Jan 27 09:10:11 UTC 2023,2401:4900:6193:8cd7:1962:e5f8:c3f9:3f83,"Mozilla/5.0 (iPhone; CPU iPhone OS 16_1 like Mac OS X) AppleWebKit/605.1.15 (KHTML, like Gecko) Version/16.1 Mobile/15E148 Safari/604.1",Login
Fri Feb 03 08:48:46 UTC 2023,2405:201:d021:4005:e8fd:2bd5:c57d:374b,"Mozilla/5.0 (Macintosh; Intel Mac OS X 10_15_7) AppleWebKit/537.36 (KHTML, like Gecko) Chrome/109.0.0.0 Safari/537.36",Login
Wed Feb 15 05:22:15 UTC 2023,2405:201:d021:4005:19c4:79ff:6fd3:1d3f,"Mozilla/5.0 (iPhone; CPU iPhone OS 16_1 like Mac OS X) AppleWebKit/605.1.15 (KHTML, like Gecko) Mobile/15E148 [LinkedInApp]/9.25.4182",Login
Wed Feb 15 05:22:59 UTC 2023,2405:201:d021:4005:19c4:79ff:6fd3:1d3f,LIAuthLibrary:44.0.* com.linkedin.LinkedIn:9.25.4182 iPhone:16.1,Login
Mon Feb 20 05:41:14 UTC 2023,2405:201:d021:4005:1190:bbad:e097:4c59,"Mozilla/5.0 (Macintosh; Intel Mac OS X 10_15_7) AppleWebKit/537.36 (KHTML, like Gecko) Chrome/110.0.0.0 Safari/537.36",Login
Fri Mar 10 15:16:22 UTC 2023,2405:201:d021:4005:b5ed:2e76:809:9318,"Mozilla/5.0 (iPhone; CPU iPhone OS 16_1 like Mac OS X) AppleWebKit/605.1.15 (KHTML, like Gecko) GSA/254.0.513445336 Mobile/15E148 Safari/604.1",Login
Wed Mar 22 09:03:25 UTC 2023,2405:201:d021:4005:9c65:5aa0:c6a2:9fe,"Mozilla/5.0 (Macintosh; Intel Mac OS X 10_15_7) AppleWebKit/537.36 (KHTML, like Gecko) Chrome/111.0.0.0 Safari/537.36",Login
Wed Mar 29 14:45:07 UTC 2023,2405:201:d021:4005:9d84:cf2d:5093:2404,"Mozilla/5.0 (Macintosh; Intel Mac OS X 10_15_7) AppleWebKit/537.36 (KHTML, like Gecko) Chrome/111.0.0.0 Safari/537.36",Login
Wed Mar 29 14:45:07 UTC 2023,2405:201:d021:4005:9d84:cf2d:5093:2404,"Mozilla/5.0 (Macintosh; Intel Mac OS X 10_15_7) AppleWebKit/537.36 (KHTML, like Gecko) Chrome/111.0.0.0 Safari/537.36",Login
Sun Apr 09 11:25:12 UTC 2023,2405:201:d021:4005:348f:2924:f61e:2392,"Mozilla/5.0 (Windows NT 10.0; Win64; x64) AppleWebKit/537.36 (KHTML, like Gecko) Chrome/111.0.0.0 Safari/537.36",Login
