Date,ShareLink,ShareCommentary,SharedURL,MediaURL,Visibility
2023-04-14 06:20:04,https://www.linkedin.com/feed/update/urn%3Ali%3Ashare%3A7052525901997109249,"It gives me immense pleasure ğŸ˜‡ and proud âœŒï¸in sharing this amazing career ğŸ‘©â€ğŸ’»transition ğŸƒâ€â™€ï¸by one of my student into the ğŸ’½ğŸ‘©â€ğŸ’»ğŸ“ŠğŸ“ˆğŸ’¹ğŸ“‰ğŸŒ""
"".""
"".""
""Congrats ğŸ‰ ğŸ¥³ğŸ‘ğŸŠArchana Badrinarayana ""
"".""
"".""
""Reach out to me if you would like to make a transition into the Data ğŸ’½ Analytics ğŸ“Š ""
"".""
"".""
""#transformation #transition #dataandanalytics  #dataanalytics #dataanalyst #sql #python #powerbi #offeringhelp #jobready #industryready #learninganddevelopment #keeplearning #keepgoingforward #ineuron",,,MEMBER_NETWORK
2023-03-29 06:28:13,https://www.linkedin.com/feed/update/urn%3Ali%3Ashare%3A7046729747405410304,"Data ğŸ’½ Analyst ğŸ“ŠğŸ‘¨â€ğŸ’»ğŸ‘©â€ğŸ’»Vs Data ğŸ’½ Scientist ğŸ‘©â€ğŸ”¬ ğŸ§‘â€ğŸ”¬ Which One to ChooseğŸ¤”ğŸ§""
"".""
"".""
""Listen ğŸ§ to this podcast by me ğŸ•º from Simplilearn in partnership with Spotify  and choose the right âœ… career ğŸ‘¨â€ğŸ’¼ğŸ‘©â€ğŸ’¼path ğŸ›£ï¸ğŸ‘ğŸ™‚""
"".""
"".""
""https://lnkd.in/gNshPH_9",,,MEMBER_NETWORK
2023-03-22 08:29:30,https://www.linkedin.com/feed/update/urn%3Ali%3Ashare%3A7044223551335186432,"ğŸ“£ Hello ğŸ‘‹ğŸ™‹â€â™‚ï¸ to all the aspiring Data ğŸ’½Analysts ğŸ“ŠğŸ‘¨â€ğŸ’»ğŸ‘©â€ğŸ’»""
"".""
"".""
"".""
""We all know that SQLğŸ’½ is the Oxygen ğŸ’¨, Heart â¤ï¸ Brain ğŸ§  or whatever you can say and if you want to MASTER it using relevant BUSINESS CASE STUDIES that too LIVE ğŸ–– ğŸ“½ï¸ from Simplilearn  come fall in love ğŸ˜» with  LEARNINGğŸ‘¨â€ğŸ’»ğŸ‘©â€ğŸ’» and ace all the SQLğŸ’½ğŸ‘¨â€ğŸ«ğŸ‘©â€ğŸ« like a CAKE ğŸ° WALKğŸ¤“ğŸ¤©""
"".""
"".""
""CLICKğŸ‘‡ Below Link & JOIN ğŸ¤ and be Ready ğŸ•ºwith Industry ğŸ¢Specific SkillsğŸ¤¸â€â™‚ï¸""
"".""
"".""
""https://lnkd.in/dNywYYvB""
"".""
"".""
""#simplilearn #sql #dataandanalytics  #dataanalysis #dataanalyst #dataanalytics #data #jobready #industryready #learning #learningandgrowing #learninganddevelopment",,,MEMBER_NETWORK
2023-03-17 05:00:39,https://www.linkedin.com/feed/update/urn%3Ali%3Ashare%3A7042359055440351232,"CEO ğŸ‘¨â€ğŸ’¼ ANNUAL ğŸ—“ï¸ REVIEW ğŸ“ˆ 2ï¸âƒ£0ï¸âƒ£2ï¸âƒ£3ï¸âƒ£ Unilever ""
"".""
"".""
""Cheers ğŸ¥‚ to the entire TEAMğŸ‘¨â€ğŸ’¼ğŸ‘¨â€ğŸ’»ğŸ‘©â€ğŸ’»ğŸ’½ğŸ“ŠğŸ’¹""
"".""
"".""
""#outperform #annualreview #ceo #team #unilever #hindustanunileverlimited",,,MEMBER_NETWORK
2023-03-16 08:10:06,https://www.linkedin.com/feed/update/urn%3Ali%3Ashare%3A7042044341707558912,"Thanks Karan Shah for the appreciationğŸ¤—""
""I am really happy ğŸ˜Š that you ğŸ‘¨â€ğŸ’»have chosen the right path in order to teach the masses and helps folks who wants to establish their career as a DASHBOARD DEVELOPER in the field of ANALYTICS ğŸ’½ğŸ“ŠğŸ“ˆğŸ“‰in order to show them the right path by showcasing your knowledge ğŸ’ªand skills ğŸ¤¸â€â™‚ï¸ you have acquired through my POWER BI ğŸ“Šlecture ğŸ‘¨â€ğŸ« iNeuron.ai  ""
"".""
"".""
"".""
""#appreciation #appreciationpost #appreciationday #dataandanalytics #dataanalytics #dataanalysis #powerbi #dashboarddesign #dashboarding #skillsdevelopment #skillsforthefuture #hardworkpaysoff  #hardwork  #beready #futureready #teachingcareer #ineuron",,,MEMBER_NETWORK
2023-02-20 20:12:30,https://www.linkedin.com/feed/update/urn%3Ali%3Ashare%3A7033528831806230528,"Feels great to see such post that Data ğŸ’½ Analytics ğŸ“Š course from iNeuron.ai is really helping folks to get multiple offers ğŸ‘¨â€ğŸ’»â˜ºï¸""
"".""
"".""
""Feels great to be a part of iNeuron.ai""
"".""
"".""
""https://lnkd.in/gUuZ64rz""
""""
""#ineuron #dataandanalytics #dataanalytics #helpingpeople #learnandgrow",,,MEMBER_NETWORK
2023-02-02 20:13:56,https://www.linkedin.com/feed/update/urn%3Ali%3Ashare%3A7027006211770257408,"Hiring ğŸ‘€Alerts ğŸš¨ ""
"".""
"".""
""Looking ğŸ‘€Urgently for a 3-5 Years SQLğŸ’½ + PYTHON ğŸexperience ğŸ§‘â€ğŸ’»ğŸ‘©â€ğŸ’»for a Senior Data ğŸ’½Analyst ğŸ“ˆRole for one of the top ANALYTICS ğŸ“Šcompany ""
"".""
"".""
""Interested folks can drop ğŸ“§your resume ğŸ“ƒ""
"".""
"".""
""Note : Strictly between 3-5 Years Experienced Required.Kindly donâ€™t ping me unnecessary if one doesnâ€™t call in the range""
"".""
"".""
""#hiring  #hiringnow #hiringalert #hiringalerts #dataanalyst #dataanalystjobs #sql #python #powerbi",,,MEMBER_NETWORK
2023-01-21 13:15:18,https://www.linkedin.com/feed/update/urn%3Ali%3AugcPost%3A7022552205408817152,"This is truly Incredible...""
"".""
"".""
"".""
""https://lnkd.in/gB7NpeN7",,,MEMBER_NETWORK
2023-01-18 12:42:51,https://www.linkedin.com/feed/update/urn%3Ali%3Ashare%3A7021456876156456960,"Looking for a 3+ mandatory experienced folks in POWER BI/TABLEAU for one of the Big Data Analytics firms.""
"".""
"".""
""Interested one can DM me directly with your resume.""
"".""
"".""
""DISCLAIMER: Strictly 3+ Experienced Folks ""
""Below that, Kindy don't flood my INBOX. ""
"".""
"".""
""#hiringpost #hiringalert #hiringalerts #hiring #hiringnow #dataandanalytics #dataanalysis #powerbi #powerbideveloper #tableau #tableaudeveloper #grabtheopportunity ",,,MEMBER_NETWORK
2022-12-01 10:59:18,https://www.linkedin.com/feed/update/urn%3Ali%3Ashare%3A7004036197400395777,"https://lnkd.in/gnzGXwMb""
"".""
"".""
""#hiringÂ #hiringalertÂ #hiringalertsÂ #internshipÂ #internshipopportunityÂ #internsÂ #dataandanalyticsÂ #dataanalyticsÂ #dataanalysisÂ #sqlÂ #pythonÂ #powerbiÂ #tableauÂ #excelÂ #awsÂ #azureÂ #cloudcomputingÂ #helpinghands ",,,MEMBER_NETWORK
2022-11-14 18:27:48,https://www.linkedin.com/feed/update/urn%3Ali%3Ashare%3A6997988471415996416,"Get Well â¤ï¸â€ğŸ©¹ Soon sudhanshu kumar Sir""
"".""
"".""
""Expecting ğŸ¤a Speedy ğŸ’¨ Recovery â¤ï¸â€ğŸ©¹ to rock the DATA ğŸ’½ SCIENCEğŸ§ª WORLDğŸŒ ""
"".""
"".""
""#ineuron #getwellsoon",,,MEMBER_NETWORK
2022-11-14 13:02:10,https://www.linkedin.com/feed/update/urn%3Ali%3Ashare%3A6997906522743717888,"These days I see people ğŸ‘¨â€ğŸ’»ğŸ‘©â€ğŸ’»are willing to help to all those who wants to do a transition into DatağŸ’½ Science ğŸ¤–/ Data ğŸ’½Analyst ğŸ“Šand through TOPMATE they are asking for 1-1 DISCUSSION with hefty amount ğŸ’°""
"".""
"".""
"".""
""Stop ğŸ›‘ Asking For Money â€¦and HELPğŸ¤ Genuinely ğŸ˜Š""
"".""
"".""
""I am here to HELPğŸ¤ you all in this journey to a successful transition into ğŸ’½ğŸ§ªğŸ“Š""
"".""
"".""
""Telegram Link : https://lnkd.in/g_HZBd99""
"".""
"".""
""Reach out to me ğŸ“²for your RESUMEğŸ“‘REVIEW , 1-1 ğŸ‘«COUNSELLING , CAREER GUIDANCE ğŸ‘¨â€ğŸ¦¯ and anything whereâ€™re I ğŸ•ºcan help you in making this journey ğŸ›«FRUITFULâœŒï¸absolutely ğŸ†“ğŸ†“ğŸ†“ğŸ†“ğŸ†“""
"".""
"".""
""Feel free to follow ğŸ•º me on ANALYTICSWITHANAND for all DATAğŸ’½ RELATEDğŸ“Š updatesâ€¦ ""
""""
""and stay updated with my ""
""YOUTUBE CHANNEL ""
""https://lnkd.in/e5F747cj ""
"".""
"".""
""and let me help you in making this ğŸ’½ğŸ“Š journey better ğŸ¤""
"".""
"".""
""#datascience #dataandanalytics #helpinghands #helpeachother #helpingpeople #helpingothers #guidance #mentorship #oneononecoaching #transition #career #careeradvice",,,MEMBER_NETWORK
2022-11-05 18:53:01,https://www.linkedin.com/feed/update/urn%3Ali%3Ashare%3A6994733329749073920,"Big ğŸ—£Annoucement ğŸ“£coming up HEREâœŒï¸""
"".""
"".""
""Never expected I would do so well ğŸ‘in my 1ï¸âƒ£st SEMESTERğŸ“EXAMğŸ™‡â€â™‚ï¸ of M.Tech in DATAğŸ’½SCIENCE ğŸ‘¨â€ğŸ”¬& ENGINEERING ğŸ“ŠğŸ“‰ğŸ‘¨â€ğŸ’»by securing 8ï¸âƒ£.8ï¸âƒ£8ï¸âƒ£ CGPA from BITS Pilani Work Integrated Learning Programmes ""
"".""
"".""
""Hard WorkğŸ’ªPays OffâœŒï¸ğŸƒâ€â™‚ï¸ğŸƒâ€â™‚ï¸ğŸƒâ€â™‚ï¸ğŸƒâ€â™‚ï¸ğŸƒâ€â™‚ï¸""
"".""
"".""
""#datascience #mtech #bitspilani #bits #wilp #masters #firstsem",,,MEMBER_NETWORK
2022-11-01 16:00:31,https://www.linkedin.com/feed/update/urn%3Ali%3Ashare%3A6993240364023246848,"â€œYour true success in life begins only when you make the commitment to become excellent at what you do.â€Â â€”Brian Tracy""
"".""
"".""
"".""
"".""
""#newpostÂ #newjobÂ #newbeginningÂ #newbeginnings2022Â #unileverÂ #unileverÂ #successÂ #successstoryÂ #unileverÂ #dataandanalyticsÂ #dataanalyticsÂ #dataÂ #dataanalystÂ #dataqualityÂ #dataqualitymanagementÂ #datascienceÂ #datanalyticsÂ #datanalystÂ #datanalysisÂ #jobreadyÂ #jobsearchÂ #jobseekersÂ #jobÂ #learnandgrowÂ #learningeverydayÂ #learninganddevelopment ",,,MEMBER_NETWORK
2022-10-31 10:20:36,https://www.linkedin.com/feed/update/urn%3Ali%3Ashare%3A6992792433440776192,"âœ… PATIENCE â³""
""âœ… COMMITMENT ğŸƒâ€â™‚ï¸""
""âœ… HONESTY ğŸ¤—""
""âœ… CONFIDENCE â˜ºï¸""
""âœ… FAITH ğŸ¤""
""âœ… DEDICATIONğŸ’ª""
"".""
"".""
"".""
""If you FOLLOW ğŸ•ºALL the ABOVE ğŸ‘† NOTHING CAN STOP ğŸ›‘ YOU ğŸ’ªğŸƒâ€â™‚ï¸SUCCESS ğŸ‰ğŸ‘ğŸ™ŒWILL BE YOURS ğŸ‘""
"".""
"".""
""It gives me na immense pleasure ğŸ¥³ to announce ğŸ“£ and share this wonderful opportunity am starting today with Unilever ""
""as Assistant Manager under Data ğŸ’½ & Analytics ğŸ“Š Team at Unilever!""
"".""
"".""
""1stğŸ¥‡ of all , I want to thank ğŸ™ me ğŸ•º for believing in me , for trusting me , for believing in the process and for keeping that infinite level of patience in meğŸ‘¨â€ğŸ«""
"".""
"".""
"" And ğŸ¥ˆndly especially to the whole community of students from iNeuron.ai  Data ğŸ“€ Analytics ğŸ“Š Batch provided by sudhanshu kumar  where mentoring and teaching candidates from across the WORLD ğŸŒ  while teaching ğŸ‘¨â€ğŸ« help me in mastering SKILLS needed to be successful in the ANALYTICS ğŸ“Š WORLD ğŸŒ without whom this would not have been possible...""
"".""
"".""
""Thanks ğŸ™ to the entire Unilever team and especially to Edwina D'Souza, MBA for smooth ONBOARDINGğŸ›«PROCESSğŸ¥³""
"".""
"".""
"".""
""#newpost #newjob #success #successstory #unilever #dataandanalytics #dataanalytics #data #dataanalyst #dataquality #dataqualitymanagement",,,MEMBER_NETWORK
2022-10-27 10:29:18,https://www.linkedin.com/feed/update/urn%3Ali%3Ashare%3A6991345072474648576,"To all the aspiring ğŸ•º DATAğŸ’½ANALYSTğŸ“Šgrab this new course ğŸš€ FULL STACK DATA ANALYST 2.0 from iNeuron.ai where and transform your  journey towards a successful âœ…transition into the ANALYTICSğŸ’½ğŸ“ˆğŸ“Šworld ğŸŒ""
"".""
"".""
""Check out the below ğŸ‘‡ link ğŸ”—for more details and grab an early ""
""Bird ğŸ¦… DiscountğŸ¤‘""
"".""
"".""
""LINK : https://lnkd.in/gRNMZqkF""
"".""
"".""
"".""
""#dataandanalytics #dataanlytics #dataanalytics #dataanalyst #data #analytics  #ineuron #sql #powerbi #tableau #snowflake #snowflakedatacloud #rprogramming #excel #statistics #python #jobready #industryready #upskilling #upskill #upskillyourself #learnandgrow #learningneverstops",,,MEMBER_NETWORK
2022-10-22 13:03:31,https://www.linkedin.com/feed/update/urn%3Ali%3Ashare%3A6989571944442433537,ğŸ’¥ğŸ¤—ğŸ‰ğŸ¥³ğŸ™ğŸ‘¨â€ğŸ‘¨â€ğŸ‘§â€ğŸ‘¦ğŸ“ŠğŸ“€ğŸš€ğŸ“¢ğŸ“¢ğŸ“¢ğŸ“¢ğŸ“¢ğŸ“¢ğŸ“¢ğŸ“¢ğŸ“¢ğŸ“¢ğŸ“¢ğŸ“¢ğŸ“¢ğŸ“¢ğŸ“¢ğŸ“¢ğŸ“¢ğŸ“¢ğŸ“¢,,,MEMBER_NETWORK
2022-10-13 19:14:15,https://www.linkedin.com/feed/update/urn%3Ali%3Ashare%3A6986403749397233664,"If you want to master ğŸ•ºâœŒï¸SQLğŸ’½concepts using CLOUD â˜ï¸ Technologies: SNOWFLAKE â„ï¸ by working on Business Case Studies and want to transition your career into DATAğŸ’½ANALYSTğŸ“Š join me LIVE ğŸ¥ on YouTube & LinkedIn page every day from 1ï¸âƒ£0ï¸âƒ£ğŸ•™PM - 1ï¸âƒ£1ï¸âƒ£ğŸ•šPM that too""
"".""
"".""
"".""
""""
""MasterâœŒï¸ the conceptsğŸ“‘ of""
""#sql""
""#python""
""#R""
""#excel""
""#powerbi""
""#tableau""
""#statistics""
""#aws""
""#azure""
""#snowflake""
""#googlecloud""
""""
""by working on real industry led LIVE ğŸ¬PROJECTS ğŸ“½on real datasetsğŸ’½ then come fall in LOVE ğŸ˜ WITH DATA ğŸ’½with me ğŸ•º""
"".""
"".""
"".""
""Not only above but Personal Mentorship & Doubt Clearing Session along with Interview preparation will be taken care tooâ€¦""
"".""
"".""
"".""
""And all above comes ABSOLUTELY ğŸ†“ğŸ†“ğŸ†“ğŸ†“ğŸ†“ ğŸ†“ğŸ¥¶ğŸ¥¶ğŸ¥¶ğŸ¥¶ğŸ¥¶ğŸ¥¶ğŸ¥¶ğŸ¥¶ğŸ¥¶ğŸ¥¶â€¦.""
"".""
"".""
""FOLLOWWWWWWWâ€¦ NOWWWWWWW""
""""
""YOUTUBE: https://lnkd.in/gNqMzHi6""
""""
""LINKEDIN:  https://lnkd.in/eQCdeYr9""
""""
""FACEBOOK: https://lnkd.in/giMTugJw""
""""
""INSTAGRAM: https://lnkd.in/gg9rtA5E""
""""
""EMAIL:  info@analyticswithanand.in""
"".""
"".""
""#datascience #datanalytics #datanalyst #datanalysis #sql #python #r #statistics #transition #tableau #powerbi #snowflake #aws #azure #googlecloud #data #datapipeline #datavisualization #datasecurity #datarecovery",,,MEMBER_NETWORK
2022-10-07 19:28:36,https://www.linkedin.com/feed/update/urn%3Ali%3Ashare%3A6984233034162081792,https://lnkd.in/g8nxx3PR,,,MEMBER_NETWORK
2022-10-06 21:08:35,https://www.linkedin.com/feed/update/urn%3Ali%3Ashare%3A6983895808911818752,Let the Data Do the Talking...!!!,,,MEMBER_NETWORK
2022-10-06 18:57:10,https://www.linkedin.com/feed/update/urn%3Ali%3Ashare%3A6983862736526925824,"To all the aspiring buddy Data ğŸ’½Analyst who wants to transition into ANALYTICALğŸ“ŠWORLD ğŸŒ Join my YouTube Channel and transform your journey to have a successful career in Data ğŸ’½World ğŸŒ ""
"".""
"".""
"".""
""I keep getting so many queries from people across the WORLD ğŸŒ So finally decide to start this initiative to help all the aspiring candidates ğŸ‘¨â€ğŸ’»ğŸ§‘â€ğŸ’»""
"".""
"".""
"".""
"".""
""And How Much You need To PayğŸ’° ?????""
"".""
"".""
"".""
""Itâ€™s Absolutely ğŸ†“ğŸ†“ğŸ†“ğŸ†“ğŸ†“ğŸ†“ğŸ†“ğŸ†“ğŸ†“""
"".""
"".""
"".""
""Key Highlights:""
""1. Daily Live Class of 1Hr from 10PM-11PM on my YouTube Channel : https://lnkd.in/e5F747cj""
""2. One-One Mentoring & Grooming""
""3. Doubt Clearing Session 24x7 ""
""4. Real Time Dataset Projects""
""5. Master Visualization ğŸ“ŠğŸ“ˆğŸ’¹ğŸ“‰""
""6. Complete SQL ğŸ“Šon ""
""SNOWFLAKE â„ï¸ Cloud ""
""""
""https://lnkd.in/eQCdeYr9""
"".""
"".""
""Let me know what skills ğŸ•µï¸â€â™€ï¸ğŸ•µï¸â€â™‚ï¸you want to learn in the comment ğŸ— section below ğŸ‘‡ ""
""""
""#datascience #dataanalytics #dataanalysis #sql #python #powerbi #tableau #rprogramming #excel #statistics #learningandgrowing #learningcontinues #learningneverstops #learningneverends #learnandgrow #keepgoingforward #keeplearning #keeplearningkeepgrowing",https://youtube.com/channel/UC59wHh4zTa8sGxhyQVdxMug,,MEMBER_NETWORK
2022-09-15 13:57:24,https://www.linkedin.com/feed/update/urn%3Ali%3Ashare%3A6976177154841620480,"Read the Job Description very carefully before applying....""
"".""
"".""
""############### GOOD LUCK ###################""
""""
""#hiring #hiringnow #hiringalert #analytics #exl #sql #mysql #excel #python ""
""https://lnkd.in/gMV7_i34",,,MEMBER_NETWORK
2022-09-13 20:52:48,https://www.linkedin.com/feed/update/urn%3Ali%3Ashare%3A6975556916643016705,"Perks of being a mentor ğŸ‘¨â€ğŸ« / teacher / trainer /counsellor â€¦.watever you sayâ€¦""
"".""
"".""
"".""
""Seeing such message makes me think how better and better I can be everyday so that I can benefit the data analyst community to land a successful career â€¦.""
"".""
"".""
""Feel free to reach out to me for one-one session too if you have any concern related to Data AnalyticsğŸ“Š ğŸ‘¨â€ğŸ’»ğŸ¤˜ğŸ’½ğŸ¤©ğŸš€""
"".""
"".""
"".""
"".""
""""
""#dataanlytics #data #analytics #analyticstools #sql #python #powerbi #tableau #learnandgrow #ineuron #jobready #learninganddevelopment",,,MEMBER_NETWORK
2022-09-12 19:48:52,https://www.linkedin.com/feed/update/urn%3Ali%3Ashare%3A6975178437548269568,"Immense thanks to sudhanshu kumar & iNeuron.ai  for giving me this opportunity to reform the Data ğŸ’½ AnalyticsğŸ“Š Industry ğŸ‘¨â€ğŸ’»ğŸ‘©â€ğŸ’»and help reform the community in learning the right Industry level SKILLS & KNOWLEDGE for a successful transition""
"".""
"".""
"".""
"".""
""All the setup ğŸ’»ğŸ–¥ğŸ™is done finally â€¦.""
""Sponsored by iNeuron.ai ğŸ¤©ğŸš€âœŒï¸""
"".""
"".""
"".""
""Come ğŸ¤˜fall in love with Data ğŸ’½with me ğŸ•ºwith iNeuron.ai FULL STACK DATA ANALYTICS ğŸ“šğŸ™‡â€â™‚ï¸ğŸ™‡â€â™€ï¸ and master the concepts of SQL PYTHON TABLEAU/POWERBI - ene to end LIVE ğŸ––project on real datasets ğŸ’½""
""""
""Link : https://lnkd.in/giQ-ASU8""
""""
""#dataanlytics #data #analytics #analyticstools #sql #python #powerbi #tableau #learnandgrow #ineuron #jobready #learninganddevelopment",,,MEMBER_NETWORK
2022-09-11 10:40:46,https://www.linkedin.com/feed/update/urn%3Ali%3Ashare%3A6974678117785243648,"All these feedbackâ€™s ğŸ—£from all the candidates ğŸ‘¨â€ğŸ’¼ğŸ‘©â€ğŸ’¼across the world ğŸŒ means a lot to me ğŸ¥¹whosever is trying to learn and master Data Anaytics ğŸ’½ğŸ“Š Concepts â€¦just remember three things you have to master : SQL ğŸ’½+ POWER BI/TABLEAU ğŸ“Š + PYTHON ğŸ if you want to enter into this industry - be it experienced ğŸ§‘â€ğŸ’»ğŸ‘©â€ğŸ’» or FRESHER ğŸ‘¦ğŸ‘§""
"".""
"".""
"".""
""""
""SQL ğŸ’½ : JOINS (MUST) , WINDOW FUNCTIONS (MUST) , DATE FUNCTIONS , CASE STATEMENTS (MUST) - thatâ€™s it ""
""""
""PYTHON ğŸ : numpy + pandas + matplotlib/seaborn - thatâ€™s enough ""
""""
""POWER BI / TABLEAU ğŸ“Š : Donuts ğŸ© Chart + Bar Graph + ODBC Connection ğŸ¢to Cloud Database / Warehouse (MUST) ""
""""
""CLOUD : AWS/Snowflake(must I would say) it gives you an ultra edge in interview ""
""""
""Note : When you are creating Power Bi/ Tableau strictly no Pie chart Do not use them - instead use Donut ğŸ© Chart and always keep BLACK/YELLOW/WHITE as a background for professional deployment - preferably Black I would say ""
""""
""PANICK ATTACK (strictly for NewbieğŸ¤‘) Donâ€™t Panic if you see 3K lines of SQL or python code and sone 20-50 tables joins on millions of records â€¦""
""""
""Key : CTEs,SUBQUERY , MASTER LEFT OUTER JOIN , FULL OUTER JOIN , SELF & INNER JOIN and no one can stop you to enter into ğŸ’½ğŸ‘¨â€ğŸ’»ğŸ§‘â€ğŸ’»ğŸ“ŠANALYTICS ğŸŒWorld â€¦""
"".""
"".""
"".""
""Tips : Work on real data sets if you want to enhace on skills and think if billion of records how your query is optimized for that - donâ€™t make yourself limited too just thousand lines of code - you donâ€™t learn thatâ€™s company - company has millions of records flowing every single day â€¦""
"".""
"".""
"".""
""Work on the above skills and you will be ready for the launch ğŸš€ ğŸš€Join iNeuron.ai  with sudhanshu kumar  into Master Class for Data Analyst and transform your learning journey â€¦.""
""""
""I will make  sure personally each one of you land a successful career in Data ğŸ’½Analytics World ğŸŒ ""
"".""
"".""
"".""
""Clock â° is Ticking â€¦""
""""
"" #analytics #python #data #sql #sql #powerbi #tableau #ineuron #learningandgrowing #learningneverstops #learnandgrow #learninganddevelopment #learningcontinues #datascience #datasciencetraing",,,MEMBER_NETWORK
2022-09-10 22:06:19,https://www.linkedin.com/feed/update/urn%3Ali%3Ashare%3A6974488252992946176,"Feeeback ğŸ—£are a must âœ…in a constructive way if you want to showcase your skills ğŸ‘¨â€ğŸ’»and help the community ğŸ‘¨â€ğŸ’¼ğŸ‘©â€ğŸ’¼in watever best way you canğŸ‘¨â€ğŸ’¼""
"".""
"".""
"".""
""""
"" â€¦I always feels like watever knowledge ğŸ“šand skills ğŸ“€I have and the more I help candidate in their Data Analyst Journeyâ€¦the more I learn and grow - understanding the root cause at the grass root level - still I feel and see many candidates ğŸ‘¨â€ğŸ’»ğŸ‘©â€ğŸ’» still struggle to write basic SQL ğŸ’½queries and I try my best through iNeuron.ai  to bridge this gap and help the communityâ€¦""
"".""
"".""
"".""
""""
""Come fall in love with learning with the real datasets and project on iNeuron.ai â€¦.""
"".""
"".""
""Special thanks to sudhanshu kumar for believing in me and providing me this opportunity to help reform the Data ANALYTICS ğŸ“ŠIndustry ğŸ‘¨â€ğŸ’¼ğŸ‘©â€ğŸ’¼""
"".""
"".""
"".""
""Letâ€™s take you on a journey ğŸš€to a complete Data Analyst ğŸ“ŠRoad map and help you land a successful career ğŸ‘¨â€ğŸ’»ğŸ‘©â€ğŸ’»""
"".""
"".""
"".""
""#dataanlytics #analytics #dataanalyticsforbusiness #data #helpinghands #helpingcommunity #ineuron #sql #powerbi #automation  #learningneverstops #learningandgrowing #roadmaptodataanalyst #letscodeandlearn",,,MEMBER_NETWORK
2022-09-04 19:21:43,https://www.linkedin.com/feed/update/urn%3Ali%3Ashare%3A6972272503289262080,"Bus Yahi to Chahye Zindagi â¤ï¸ mai ğŸ‘¨â€ğŸ’»â˜ºï¸""
""Ese jyada aur kya expect care HAPPY ğŸ˜ŠTEACHER ğŸ‘¨â€ğŸ« ğŸ‘©â€ğŸ« DAY  k dinâ€¦..""
"".""
"".""
"".""
"". ""
""#teachers #teacher #happyteachersday #teachingandlearning #teacherlife #ineuron #traininganddevelopment #trainingprogram #learningandgrowing #learningneverstops #learningeveryday",,,MEMBER_NETWORK
2022-09-03 21:11:01,https://www.linkedin.com/feed/update/urn%3Ali%3Ashare%3A6971937623351181312,"Give More Power to Your Teachers""
"".""
"".""
""""
""â€œTechnology is just a tool. In terms of getting the pupil working together and motivating them, the TEACHER IS THE MOST IMPORTANTâ€    -Bill Gates""
""""
""""
""iNeuron.ai  Mentors ğŸ—ğŸ† work tirelessly to shape the better version of you each day so on this Teacher's day we would appreciate it if you celebrate Teacherâ€™s Dayâœ¨ by sharing a short clip dedicated to mentorsğŸ™.""
""""
""As this would really fuel their motivation to keep doing better with each passing day adding valuable knowledge and shaping our bright futureğŸŒğŸš€.""
""""
""Together we can build a better and stronger community through knowledgeğŸ… sharing with each of us being an integral part of the community shaping a better and brighter future for the community.""
""""
""Please fill out the below form and let's show some love and support by creating short videos and attaching them in google form on this teacher's dayâ¤ï¸""
""""
""Share your clip via the link given below ğŸ˜ğŸ˜:-""
""""
""https://lnkd.in/gKqPBTQ3""
""""
""#ineuron #teachersday2022 #teachersday #loveforteaching #teachingandlearning #teaching #mentor #mentorship #learnandcode #code #learnandgrow",https://docs.google.com/forms/d/e/1FAIpQLSdRJwIdrAWST-GQmyMW_vguWESEnwjyh0xvJFBeSZBXGkeByg/viewform,,MEMBER_NETWORK
2022-08-30 15:28:53,https://www.linkedin.com/feed/update/urn%3Ali%3Ashare%3A6970401970977128449,"Hiring Alert : Python ğŸ+ SQL ğŸ“Š+ Database_Design ğŸ’½for my current Project.""
""Preferences will be given those who can join within a month or ASAP..""
""""
""Note : 3+ Years Experience ğŸ‘¨â€ğŸ’»ğŸ‘©â€ğŸ’»Required..""
""""
""Optional Skills : AWS + Pyspark + Snowflake""
""""
""Email your Resume : anand.jha@exlservice.com""
""""
""Feel free to connect with me for any questions....""
""""
""#hiringpost #hiringurgently #hiringalert #hiring #python #sql #databasedesign #dataanalystjobs #dataanlytics #exl",,,MEMBER_NETWORK
2022-08-26 11:09:06,https://www.linkedin.com/feed/update/urn%3Ali%3Ashare%3A6968887042680242176,"Late ğŸ•¦NightğŸŒš + Endless ğŸ—£Talks ğŸ™+ Vision ğŸ‘€for Data Science ğŸ“ˆcommunity - got a chance again to meet one and only the man who has reformed the complete data science ed-tech ğŸ“šindustry ğŸ‘¨â€ğŸ«ğŸ‘©â€ğŸ«- sudhanshu kumar with the vision of an affordable segment for all - learn ğŸ“–& growğŸ“ˆ""
""""
""SomethingğŸ“Š new ğŸ¥³coming up Sooooooooonnnnnnnn.....â˜ºï¸""
"".""
"".""
"".""
""Keep an eye ğŸ‘on the postğŸ‘¨â€ğŸ’»""
"".""
"".""
"".""
""#ineuron #datascience #datanalytics #techtalks #learningeveryday #learning #learnandgrow #somethingnew #somethingtothinkabout #comingsoon",,,MEMBER_NETWORK
2022-08-08 22:05:55,https://www.linkedin.com/feed/update/urn%3Ali%3Ashare%3A6962529351875653632,"To all those who were asking for the referral ,kindly go through the below post and share your RESUME on the given mail id""
"".""
"".""
""#hiringalerts #hiringpost #analytics #exl #datasciencejobs #datasciencecareers",,,MEMBER_NETWORK
2022-07-21 01:30:30,https://www.linkedin.com/feed/update/urn%3Ali%3Ashare%3A6955695468228083712,"Wat a wonderful course from Nishant Jain on ""
""SNOWFLAKE FUNDAMENTALS along with the LAB WORK too""
""https://lnkd.in/gmY67WkW""
""""
""A MUST âœ…FOR ALL THE SNOWFLAKE USER for their DATA ANALYTICSğŸ“ŠğŸ“ˆğŸ“‰ job role at their workplace ğŸ‘¨â€ğŸ’¼ğŸ‘©â€ğŸ’¼and ""
""even I would recommend it to those who are looking to switch their career into DATA ğŸ’½SCIENCE ğŸ§¬""
""""
""LINK: https://lnkd.in/guNBmqp3""
""""
""It's been a wonderful journey of almost 1 year and still counting using SNOWFLAKE in day-to-day tasks at my WORK""
""and through this course got an even deeper insight into architectural design and flow..""
""""
""PRACTICE ğŸ“–...""
""USE ğŸ‘¨â€ğŸ’»...""
""LEARN ğŸ“š...""
""PROGRESS ğŸ›£...""
""SHINE âœ¨...""
""""
""#snowflake #snowflakedb #snowflakedatacloud  #cloud #cloudadoption #dataanalytics #etltools #datascience #dataanalytics ""
""#learningandgrowing #learningcontinues #learningeveryday #learningbydoing",http://ude.my/UC-52043458-5629-45a8-9c6a-e84c8e0104e0,,MEMBER_NETWORK
2022-07-19 22:09:44,https://www.linkedin.com/feed/update/urn%3Ali%3Ashare%3A6955282555805855744,"Gyaan ğŸ§˜â€â™‚ï¸ki baatein ğŸˆ² / Knowledge ğŸ“– Sharing ğŸ˜for all the Newbie ğŸ‘¦ğŸ§’ who want to switch their career in DatağŸ’¿ScienceğŸ“Š ğŸ§¬ ""
""""
""Chahe Python ğŸ Ho , SQL ğŸ” Ho , ML ğŸ¤–Ho , NLP ğŸ¤– Ho ya POWER BI/ TABLEAU ğŸ“ŠHoâ€¦..""
""""
""Kitna bhi padh ğŸ“šlo practice ğŸ‘¨â€ğŸ’»krloâ€¦""
""""
""Lekin jab tak REAL TIME â³ DATA ğŸ“Špe Kaam na kro ğŸ‘¨â€ğŸ’»ğŸ‘©â€ğŸ’»sab bekaar âŒhai â€¦.""
""""
""English ğŸ´ó §ó ¢ó ¥ó ®ó §ó ¿VersionğŸ¥¹ : Wether itâ€™s PYTHON ğŸ or SQL ğŸ” or ML ğŸ¤– or NLP ãŠ™ï¸ or POWER BI/TABLEAU ğŸ“Š Inspite of enormous effortğŸ‹ï¸â€â™‚ï¸â€¦Inspite of Enormous learning ğŸ“šuntil and unless you work ğŸ§‘â€ğŸ’»ğŸ‘©â€ğŸ’»on REAL TIME â³DATA ğŸ“Šthings not âŒ  gonna fall ğŸ˜in place âœ…â€¦""
""""
""Janhit ğŸ‘¨â€ğŸ’¼ğŸ‘©â€ğŸ’¼Mai Jariâ€¦.ğŸ˜Šâœ…""
""""
""#datascience #dataanalytics #python #sql #nlp #ml #powerbi #tableau #keeplearningkeepgrowing #knowledgesharing #keeppushing",,,MEMBER_NETWORK
2022-05-26 20:04:37,https://www.linkedin.com/feed/update/urn%3Ali%3Ashare%3A6935682124620468224,"â€¦..CALLING OUTğŸ¤™ ALL THE EXPERIENCED DATA ANALYST ğŸ§‘â€ğŸ’»ğŸ‘©â€ğŸ’»ğŸ’»ğŸ“ˆğŸ“Šâ€¦.Make Yourself Useful & Grab this opportunityâ€¦.âœŒï¸""
""""
""https://lnkd.in/gaF9HxvU",,,MEMBER_NETWORK
2022-03-25 10:20:59,https://www.linkedin.com/feed/update/urn%3Ali%3Ashare%3A6913067199339388928,"....................PADHOGEğŸ“šTABHI TO BADHOGE ğŸ“ˆ NA..........âœŒï¸""
""""
""Join ALL IN ONE COURSE offered by iNeuron.ai under TECH NEURON and take your Knowledge ğŸ§â€â™‚ï¸ğŸ§â€â™€ï¸to the NEXT LEVEL ğŸš""
""""
""...................A MUST ğŸ’ªCOURSE FOR EVERYONE  ğŸ‘¨â€ğŸ’»ğŸ‘©â€ğŸ’»...................""
""""
"".............RAISE ğŸ™‹â€â™‚ï¸ğŸ™‹â€â™€ï¸ YOUR DEMAND ğŸ‘¨â€ğŸ’»ANYTIME â³ANYWHERE ğŸ¡""
""""
""â€¦.I HAVE PURCHASED MYSELF ğŸ•ºSO YOU ğŸ‘¨â€ğŸ’»ğŸ‘©â€ğŸ’» TOO CAN GO AHEAD ğŸ¤˜ğŸ¥³â€¦.""
""""
""....FINAL LAST WEEK â³FOR LIFETIME ğŸ‘½ ACCESS TO ALL THE COURSES ğŸ“šâ€¦.""
""""
""USE MY LINK FOR FLAT 10% DISCOUNTS : ""
""https://lnkd.in/geBJWXvV""
""""
""#ineuron #techneuron #itandsoftware #knowledgesharing #knowledgehub #educationforall #freshers #experienced ""
""#learningcontinues #learningfromhome #learningeveryday #keeplearning #keeplearningkeepgrowing #keepgrowing",,,MEMBER_NETWORK
2022-03-22 22:05:12,https://www.linkedin.com/feed/update/urn%3Ali%3Ashare%3A6912157258990706688,"Mehnat ğŸƒâ€â™‚ï¸â€¦..MehnatğŸƒâ€â™‚ï¸â€¦.Aur Sirf MehnatğŸƒâ€â™‚ï¸ hi apko ğŸ•ºupar âœˆï¸ lejaskta hai â€¦â€¦""
""""
""To aj se hi mehnat krna start krdijye â€¦..""
""""
""So happy ğŸ¥³for this young champğŸ‘¦""
""",https://m-economictimes-com.cdn.ampproject.org/c/s/m.economictimes.com/magazines/panache/a-day-after-his-midnight-run-video-whips-up-twitter-storm-india-pitches-in-with-sports-kit-army-recruitment-training-for-19-yr-old-pradeep-mehra/amp_articleshow/90367766.cms,,MEMBER_NETWORK
2022-03-17 22:07:33,https://www.linkedin.com/feed/update/urn%3Ali%3Ashare%3A6910345911600640000,"To all the PROJECT MANAGERS ğŸ‘·â€â™‚ï¸ğŸ‘·looking out for a an OPPORTUNITY ğŸš€grab a thought about EXL Analytics and APPLY ACTIVELYâ€¦.ğŸ•º""
""""
""#hiringmanagers #exl #analytics #hiringalerts #hiringpost",,,MEMBER_NETWORK
2022-03-04 11:57:48,https://www.linkedin.com/feed/update/urn%3Ali%3Ashare%3A6905481423021596672,"Feels gr8 to be a part of it...""
""""
""https://lnkd.in/gh-Q2_SX",,,MEMBER_NETWORK
2022-02-26 18:51:55,https://www.linkedin.com/feed/update/urn%3Ali%3Ashare%3A6903411310097256448,"Shout ğŸš€to all the aspiring ğŸ‘©â€ğŸ’»ğŸ§‘â€ğŸ’»BITS Pilani Work Integrated Learning Programmes for M.Tech in Data Science ğŸ“Š& Engineering for the upcoming batch of APRIL 2022ğŸ—“""
""""
""Letâ€™s CONNECTğŸ¤˜ â€¦LEARNğŸ‘©â€ğŸ’»ğŸ§‘â€ğŸ’» & GROW ğŸ“ˆ togetherâ€¦ğŸš€ğŸš€ğŸš€""
""""
""https://lnkd.in/gJuf_kF2""
""""
""#letsconnect #growtogether #mtech #masters #bitspilani  #datascience  #workintegratedlearning  #keeplearningkeepgrowing",https://chat.whatsapp.com/EMSsYv1cUD4KVIvcPwjndS,,MEMBER_NETWORK
2022-02-17 08:57:17,https://www.linkedin.com/feed/update/urn%3Ali%3Ashare%3A6900000173871779841,"....Lifelong ğŸš€learning ğŸ‘¨â€ğŸ’»is an ever ongoing process ğŸ‘ and there is no end âŒto it.....The more you learnğŸ“š...the more productive ğŸ’»you become day-by-dayğŸ•º...""
""""
""I'm ğŸ•ºfeeling delighted ğŸ¥³to share with all my LINKED FOLKS ğŸ§â€â™‚ï¸ğŸ§that I would be beginning a new ğŸ‰chapter in pursuit to learn and growing my research interest in the field of DATA ğŸ’½SCIENCE ğŸ“Šafter completing my Post Graduate Course in Data Science from Purdue University in partnership with Simplilearn,  I am now about to start my MASTER'S ğŸƒâ€â™‚ï¸atÂ Birla Institute of Technology and Science, Pilani.""
""""
""I will be pursuing the Master of Technology in Data Science and Engineering underÂ BITS Pilani Work Integrated Learning Programmes.""
""""
""I would like to thank ğŸ™ Arkadeep Sarkar who has accepted my request to be my MENTOR  for the entire COURSE DURATION and ğŸ™ Lalit Dubey , ğŸ™ Ravi Nagpal for considering me for the same and their constant support and motivation.""
""""
""Also I would like to thanks ğŸ™ Mahak Ganotra , ğŸ™ Nitin Bahri  and the entire ğŸ™EXL for providing such wonderful â˜ºï¸opportunity to learn and work ğŸ‘¨â€ğŸ’»simultaneously  .""
""""
""This course would help me to enhance and reskill my knowledge in the field of machine learning, deep learning and also help me build a strong ğŸ’ª foundation to pursue a Ph.D. ğŸ’ªin the future ğŸ”®further down the line ğŸš€""
""""
""Looking forward to this challenging and exciting journey aheadâ€¦âœŒï¸ğŸ¥³ğŸ“šğŸ“–ğŸƒâ€â™‚ï¸""
""""
""#datascienceÂ #learningÂ #mastersÂ #mtechÂ #machinelearningÂ #bitspilani #work #opportunity #technology #engineering #research #motivation #university  #workintegratedlearning #learningeveryday #learningjourney #keeplearningkeepgrowing",,,MEMBER_NETWORK
2022-01-31 21:49:34,https://www.linkedin.com/feed/update/urn%3Ali%3Ashare%3A6894033931491008512,"Haha ğŸ˜‚ Canâ€™t get over it â€¦.ğŸ¤£ğŸ˜""
""""
""Often I believe RESUME ğŸ“œis a perception of Who You ğŸ‘©â€ğŸ’»ğŸ‘¨â€ğŸ’»are â€¦.""
""""
""What do you think of ğŸ¤”ğŸ§ğŸ™‡â€â™‚ï¸ğŸ™‡â€â™€ï¸?""
""""
""Do Comment below ğŸ‘‡ ""
""""
""Does RESUME really shows the TRUE âœ… picture ğŸ“¸ ????""
""""
""#pushpatrending #pushparaj #pushpamovie #funnymemes #funnypost",,,MEMBER_NETWORK
2022-01-19 20:21:09,https://www.linkedin.com/feed/update/urn%3Ali%3Ashare%3A6889663026052657152,"You just hav summed it up nicelyğŸ‘ ..Almost every day , I use to do all the steps which you have mentioned Alex Wang â€¦Itâ€™s a gr8 guideğŸ“œ I must say and itâ€™s the foremost thing for any DATA ANALYST role â€¦.âœŒï¸",,,MEMBER_NETWORK
2022-01-17 16:41:49,https://www.linkedin.com/feed/update/urn%3Ali%3Ashare%3A6888883053012353025,"Thanks Simplilearn  for showcasing me on the COVER PICğŸ“”of your FACEBOOKğŸ¥³LINKED IN ğŸ’»INSTAGRAMğŸ•ºAND YOUTUBE PAGEğŸ‘¨â€ğŸ«ğŸ¥³âœŒï¸ğŸ’ªâ€¦""
""""
""I hope this will help all the JOB ğŸ’¼ASPIRANTSğŸ‘¨â€ğŸ’¼ğŸ‘©â€ğŸ’¼to look towards in revamping their CAREERğŸ‘¨â€ğŸ’»ğŸ‘©â€ğŸ’»â€¦.""
""""
""#simplilearn #coverpage #careerchange #careerbuilding #careertransition #jobchange #job #career #help",,,MEMBER_NETWORK
2022-01-13 16:44:18,https://www.linkedin.com/feed/update/urn%3Ali%3Ashare%3A6887434129059778560,"SELECT job_hunters,exp FROM WORLDğŸŒ ""
""WHERE (job_type = â€˜â€™ANALYSTâ€™â€™ ğŸ’»""
""OR job_type =  â€˜â€™CONSULTINGâ€™â€™ ğŸ¤·â€â™‚ï¸""
""OR job_type = â€˜â€™MANAGERâ€™â€™ğŸ•º)""
""AND skills IN (â€˜PythonğŸ†˜â€™, â€™SQLğŸ”â€™ , â€˜ POWER BI ğŸ“Šâ€˜ , â€˜MLğŸ¤–â€™ , â€˜NLPğŸ˜¬â€™)""
""GROUP BY exp""
""HAVING SUM(exp) >=1 ğŸ¤·â€â™‚ï¸""
""ORDER BY exp DESC""
""LIMIT 10;""
""""
""If you can understand above ğŸ‘† , COME FALL IN LOVE ğŸ˜» WITH WORKğŸ—‚at EXL ğŸ£""
""""
""â€¦â€¦â€¦â€¦â€¦.HIRING ğŸ’»ğŸ’¼ALERTğŸš¨â€¦â€¦â€¦â€¦â€¦..""
""""
""NOTEğŸ“ : HARD ğŸ˜“ TRUTHğŸ•º""
""""
""â€¦.SORRYğŸ˜¢âŒ NOT MEANT FOR FRESHERSğŸ‘¶ğŸ‘§â€¦..""
""""
""Interested ğŸ§one can sendğŸš€ their RESUMEğŸ“œto meğŸ•º""
""""
""#hiringpost #hiringalerts #hiringnow  #jobhelp  #jobhunting #jobhunters #exl #experiencedjobs #analyticsjobs #analytics #jobhiring #jobfinder #jobchange #jobalert #jobdescription ""
""""
""Anurag Mukherjee is #hiring. Know anyone who might be interested?",,,MEMBER_NETWORK
2022-01-12 06:46:45,https://www.linkedin.com/feed/update/urn%3Ali%3Ashare%3A6886921362137587712,"Starting Wednesdayâ˜ºï¸morning ğŸŒ…with TIMES OF INDIA ğŸ“° â˜•ï¸â€¦""
"".""
"".""
"".""
""Thanks  again Simplilearn  for provinding me such an opportunityâœŒï¸ to have a wonderful ğŸ¥³career in ANALYTICS ğŸ‘¨â€ğŸ’»ğŸ¥³ğŸƒâ€â™‚ï¸âœŒï¸ğŸ’ªğŸ‹ï¸â€â™‚ï¸""
""""
""To get an in-depth understanding of course , do check out my comments ğŸ“œ ğŸ‘‡""
""""
""#simplilearn #timesofindia #learningandgrowing #learningforlife #learning  #learningeveryday  #learningpath #datascience #datasciencetraining #datascienceeducation #growth #growthcannothappenwithoutchange #learningeveryday #learnandshine #analytics #opportunity #career #elearning #datasciencecareers",,,MEMBER_NETWORK
2022-01-04 08:27:17,https://www.linkedin.com/feed/update/urn%3Ali%3Ashare%3A6884047557979463680,"Thanks EXL ğŸ¤for sending such a lovely goodies ğŸğŸ’ğŸ¤—""
""""
""Itâ€™s been such a wonderfulğŸ¥³ journeyğŸš€so far with EXL ğŸ¤â€¦""
""""
""LearningğŸ‘¨â€ğŸ’»& ProgressingğŸš€every single dayâ€¦ğŸ‰ğŸ¤—ğŸ¥³""
""""
""#corporategifts #newyeargift #newyearnewbeginnings #newyear2022gift  #corporateculture #corporatelife #learningandgrowing #workculture #workfromhome",,,MEMBER_NETWORK
2022-01-04 08:27:17,https://www.linkedin.com/feed/update/urn%3Ali%3Ashare%3A6884047557979463680,"Thanks EXL ğŸ¤for sending such a lovely goodies ğŸğŸ’ğŸ¤—""
""""
""Itâ€™s been such a wonderfulğŸ¥³ journeyğŸš€so far with EXL ğŸ¤â€¦""
""""
""LearningğŸ‘¨â€ğŸ’»& ProgressingğŸš€every single dayâ€¦ğŸ‰ğŸ¤—ğŸ¥³""
""""
""#corporategifts #newyeargift #newyearnewbeginnings #newyear2022gift  #corporateculture #corporatelife #learningandgrowing #workculture #workfromhome",,,MEMBER_NETWORK
2022-01-04 08:27:17,https://www.linkedin.com/feed/update/urn%3Ali%3Ashare%3A6884047557979463680,"Thanks EXL ğŸ¤for sending such a lovely goodies ğŸğŸ’ğŸ¤—""
""""
""Itâ€™s been such a wonderfulğŸ¥³ journeyğŸš€so far with EXL ğŸ¤â€¦""
""""
""LearningğŸ‘¨â€ğŸ’»& ProgressingğŸš€every single dayâ€¦ğŸ‰ğŸ¤—ğŸ¥³""
""""
""#corporategifts #newyeargift #newyearnewbeginnings #newyear2022gift  #corporateculture #corporatelife #learningandgrowing #workculture #workfromhome",,,MEMBER_NETWORK
2022-01-04 08:27:17,https://www.linkedin.com/feed/update/urn%3Ali%3Ashare%3A6884047557979463680,"Thanks EXL ğŸ¤for sending such a lovely goodies ğŸğŸ’ğŸ¤—""
""""
""Itâ€™s been such a wonderfulğŸ¥³ journeyğŸš€so far with EXL ğŸ¤â€¦""
""""
""LearningğŸ‘¨â€ğŸ’»& ProgressingğŸš€every single dayâ€¦ğŸ‰ğŸ¤—ğŸ¥³""
""""
""#corporategifts #newyeargift #newyearnewbeginnings #newyear2022gift  #corporateculture #corporatelife #learningandgrowing #workculture #workfromhome",,,MEMBER_NETWORK
2021-11-25 17:16:05,https://www.linkedin.com/feed/update/urn%3Ali%3Ashare%3A6869685122342490112,"ABHI NHI TO KABHI NHI....""
""""
""ONE OF THE BEST COURSE WHICH I HAVE BEEN RECOMMENDING TO ALL THE FELLOW DS ASPIRANTS : ""
""""
""AANKH BAND KRKE BHAROSA KRKSTE HO THAT TOO AT A VERY AFFORDABLE COST :""
""""
""Full Stack Data Science With 1 Year Remote Internship JobÂ guaranteeÂ program""
""""
""Start Date:Â 27th November 2021""
""Class Timings:10AM to 1 PM IST Saturday and Sunday""
""Doubt Clearing Session:Â 01:00 PM to 03:00 PM (IST) Saturday and Sunday and live skype support all days, email support all days.Â ""
""""
""Course Fee -Â 15000 + 18% GST = 17700 INR""
""Discount applicable for our existing MembersÂ The facility given by us :""
""Â ""
""Full-stack Data Science masterâ€™s certification.""
""Live Skype support.""
""Mail support.""
""Job guarantee otherwise refund.""
""Opportunity to work with our developmentÂ team.Â ""
""One year of parallel internship with the course.Â ""
""Online Instructor-led learning: Live teaching by instructors.""
""56 + hands-on industry real-time projects.""
""400 hours of live interactive classes.""
""Every week doubt clearing session after the live classes.""
""Lifetime Dashboard access.""
""Doubt clearing one to one.""
""Doubt clearing through the mail and skype support team.""
""Assignment in all the modules.""
""Quiz in every module.""
""live project with real-time implementation.""
""Interview Preparation Anytime""
""Regular assessment""
""Job Fair and Internal Hiring""
""Mock Interview Anytime""
""""
""""
""BOOK YOUR SEAT NOW : https://lnkd.in/g7wZwKyC""
""""
""#datascience #project #hiring #opportunity #teaching #dataanalytics #dataculture #datasciencecourse #learningeveryday #learningforlife #learningcontinues #learningneverstops #growthanddevelopment #pythonfordatascience #bestcourses #ineuron",,,MEMBER_NETWORK
2021-11-02 20:09:07,https://www.linkedin.com/feed/update/urn%3Ali%3AugcPost%3A6861393745837867008,"To all those who sees no RAY OF LIGHTğŸŒ„....This will really help you to build your DATA SCIENCE careerğŸ›« and it will really help you in landing a great JobğŸ›¬...""
""""
""Trust the process and keep working hardğŸ’ª...!!""
""""
""SunğŸŒ will shineğŸŒ„ too by your sideğŸ‘¨â€ğŸ’» Soooonnn....âœŒ""
""""
""#datascience #learningeveryday #machinelearning #python #nlp #tableau #datasciencetraining #datasciencecourse #datasciencecareers #careertransitioning #careergrowthgoals ",,,MEMBER_NETWORK
2021-10-04 13:10:15,https://www.linkedin.com/feed/update/urn%3Ali%3Ashare%3A6850779085363380224,"Thanks Simplilearn for showcasing my journey on your platform and inspiring many to switch their career even after a gap...""
""""
""Transitioning into Data Science field was such an amazing journey...""
""""
""https://lnkd.in/gKtJeezz""
""""
""#datasciencetraining #purduealumni #simplilearn #growthcannotbelockeddown #datascience #datasciencecourse #machinelearning #tableautraining #pythonfordatascience #nlptraining #statisticaldataanalysis #learningforlife #learningeveryday #learningneverstops ""
""""
""Keep Learning....Keep Shining..",https://www.youtube.com/watch?v=2DlCJ1dfPEQ&feature=youtu.be,,MEMBER_NETWORK
2021-09-23 08:18:30,https://www.linkedin.com/feed/update/urn%3Ali%3Ashare%3A6846719395960631296,"Last Year ğŸ—“ was such a ROLLER COSTERğŸ¢ ride with  Postgraduate Course in Data ScienceğŸ‘¨â€ğŸ’» from Simplilearn in partnership with Purdue University  powered by IBM....ğŸ™‹â€â™‚ï¸This is where I started my MOVEğŸƒâ€â™‚ï¸ to enter back into the ITğŸ‘¨â€ğŸ’» industry again after a gap of 2 YEARSğŸ•‘ and the Journeyâœˆ has been so amazing so farğŸ¥³....""
""""
""Once Again thanks to EXL âœŒğŸ¤—for seeing my potential and giving me an opportunity  to be a part of EXL family...ğŸ¤—""
""""
""Thanks to Simplilearn for such an incredible Journey so far...âœˆğŸƒâ€â™‚ï¸ğŸ‘¨â€ğŸ’»""
""""
"".............To all the fellow ASPIRANTS...................""
""...Just have faith on yourself and keep learning...""
"".........................DONT STOPPPPPP.......""
"".......NEVER GIVE UP..........""
""...............YOU WILL FACE 100s OF REJECTIONS.....""
""......................JUST KEEP YPUR SPIRIT HIGH......""
""""
""Feel free to reach out to me if you are feeling DE-MOTIVATED and seeing NO LIGHT further to move ahead...Am always available for you All...ğŸ¥³ğŸ™‹â€â™‚ï¸ğŸ¢ğŸ‘¨â€ğŸ’»ğŸƒâ€â™‚ï¸âœˆğŸ¤—""
""""
""Check Outâ” the COMMENT SECTION below ğŸ‘‡ for more DETAILS about the Course...""
""""
""                                     ""GROWTH""""
""------------#CannotBeLockedDown-----------""
""""
""#ambitionunlocked #cannotbelockeddown ""
"" #datascience #machinelearning #opportunity ""
""#simplilearn #learningcontinues #learningforlife #learningpath #ibm #purdueuniversity #purduealumni",,,MEMBER_NETWORK
2021-08-29 13:29:05,https://www.linkedin.com/feed/update/urn%3Ali%3Ashare%3A6837737861098434560,"Making my SUNDAY evening  useful :)""
""Just finished the Course ""Foundations: Data, Data, Everywhere"" byÂ Google""
""""
""- Playing with Data is an ART & am enjoying this journey every single day...""
""""
""#datascience #data #google #python #art #spreadsheets ""
""#datacleansing #dataanalysis #datavisualization #sql #googlecertification ""
""#googleanalytics #googledataanalytics #upgradeyourself #upgradeyourskills ""
""#learningcontinues #learningeveryday #learningjourney",https://coursera.org/share/6aa1c109e1436fcbcd7aeb7645efc125,,MEMBER_NETWORK
2021-07-19 12:40:10,https://www.linkedin.com/feed/update/urn%3Ali%3AugcPost%3A6822867650956410880,"It gives me immense pleasure that I have bagged MULTIPLE OFFERS from Top ANALYTICS FIRM after going through a rigorous round of TECHNICAL interviews and facing 100s of rejections in the last 2 Years...!!""
""""
""Those sleepless nights ... that Endless Coding practice and those REJECTIONS from 100s of COMPANIES  somehow made me STRONGER and having BELIEF and FAITH in yourself have ultimately landed me a BUSINESS ANALYSIS CONSULTANT role and here I have decided to go ahead with EXL""
""""
""Special Thanks to Gaurav Vatsa for referring me and having faith in me that I can be a part of EXL !!""
""""
""Thanks to Debjit Nag , Lalit Dubey for believing in me and giving me a chance to be a part of EXL Family...!!""
""""
""Just want to thanks all my friends especially Nitish Kamal , Dr.Subhasree Ghosh who always believed in me and kept me saying that DONT LOSE HOPE - ONE DAY THINGS WILL DEFINITELY FALL IN PACE and eventually it happened...!!""
""""
""Special Thanks to Krish Naik AND sudhanshu kumar along with the whole iNeuron.ai team who is transforming millions of LIFE and help students bagged multiple offers from TOP IT FIRMS by creating such IN-DEPTH Courses on MULTIPLE TECHNOLOGIES which is a BOON for every fellow student who wants to start their journey in Data Science Field. Just advice to everyone - FOLLOW Krish Naik  CHANNEL & iNeuron.ai -  YOU WILL ACE ANY DATA SCIENCE INTERVIEW...!!""
""""
""Also I am thankful to Simplilearn for their POST GRADUATE COURSE IN DATA SCIENCE in collaboration with Purdue University which was a rigorous course which helped me in learning all the skiils need to switch my career to DATA SCIENCE field...!!""
""""
""So to all my connections - REJECTIONS HAPPEN FOR A REASON - ACCEPT IT - AND NEVER QUIT...JUST KEEP GOING ALONG...""
""""
""A DAY WILL COME WHEN YOU WILL SHINE AND THE WORLD WILL EMBRACE YOUR SUCCESS JOURNEY...""
""""
""Best Wishes to ALL...KEEP WORKING HARD & KEEP LEARNING...""
""""
"" T I'm excited to start my new job! #newjobnewlife #job #dataanalytics #newbeginnings2021 @ EXL",,,MEMBER_NETWORK
2021-07-02 12:18:00,https://www.linkedin.com/feed/update/urn%3Ali%3AugcPost%3A6816701477260787712,"It was a wonderful session and got good insights into TESLA AUTOPILOT FEATURE ....""
""""
""Thanks to TechLearn.live for organizing such a session...""
""Looking forward to learn and grow...""
""""
""#innovation #ai #deeplearning #neuralnetworks #opencv #artificialintelligence #tesla #autopilot #selfdrivingcars #learningneverstops #virtuallearning",,,MEMBER_NETWORK
2021-06-08 13:55:00,https://www.linkedin.com/feed/update/urn%3Ali%3Ashare%3A6808028577666334720,"MUCH AWAITED VIDEO ....""
""""
""https://lnkd.in/gf2HYk6",,,MEMBER_NETWORK
2021-06-08 07:10:21,https://www.linkedin.com/feed/update/urn%3Ali%3Ashare%3A6807926745560440832,"GRAB THIS OPPORTUNITY....!!!!""
""""
""https://lnkd.in/gfQKi4G",,,MEMBER_NETWORK
2021-06-05 11:46:19,https://www.linkedin.com/feed/update/urn%3Ali%3Ashare%3A6806909033228972032,"Make Yourself Useful...""
""""
""https://lnkd.in/gZuVc2E",,,MEMBER_NETWORK
2021-06-03 16:14:31,https://www.linkedin.com/feed/update/urn%3Ali%3Ashare%3A6806251750123806720,"WATCH OUT iNeuron.ai CEO sudhanshu kumar mistyfying COMMON MISTAKE while applying for Jobs ...""
""""
""https://lnkd.in/gaEVa9A",,,MEMBER_NETWORK
2021-06-03 14:17:30,https://www.linkedin.com/feed/update/urn%3Ali%3Ashare%3A6806222301382680576,https://lnkd.in/e8XPnZ6,,,MEMBER_NETWORK
2021-06-02 13:31:18,https://www.linkedin.com/feed/update/urn%3Ali%3Ashare%3A6805848288798097409,"iNeuron is completely revolutionizing the Data Science Field and helping numerous candidates in landing a dream job in Data Science.Join the Mock Interview Session and gain meaningful insights on your Data Science Journey.....""
""""
""https://lnkd.in/gbaByZU",,,MEMBER_NETWORK
2021-05-29 09:44:00,https://www.linkedin.com/feed/update/urn%3Ali%3Ashare%3A6804341535631642624,"Grab this offer and start your journey into Data Science...""
""""
""https://lnkd.in/grMgbYn",,,MEMBER_NETWORK
2021-05-04 07:27:59,https://www.linkedin.com/feed/update/urn%3Ali%3Ashare%3A6795247606516862976,"I am trying my best...Letting others try their best part too...""
""""
""Thanks to  CRED for creating such initiative  with Milaap ....""
""""
""DONATE YPUR CRED COINS AND SAVE LIFE...""
""""
""JAAN HAI TO JAHAAN HAI...""
""""
""INDIA STAY UNITED....""
""STAY SAFE STAY HEALTHY...!!""
""""
""#covid19india #covid19help #covid19crisis #credcoins #milaap #giveindia #stayunited ",,,MEMBER_NETWORK
2021-05-02 16:53:13,https://www.linkedin.com/feed/update/urn%3Ali%3Ashare%3A6794665076818345984,"It's a HIGH Time we stand for each other and help in whatever best possible way to all those suffering from COVID-19 DEADLY VIRUS.""
""""
""A big thanks to all COUNTRIES who are standing with INDIA and trying to SAVE humanity... ""
""""
""STAY SAFE... STAY HEALTHY...""
""""
""#india #staysafe #peace #peace #covid #covid #awareness #wellness ""
""""
""https://lnkd.in/gdJbi_a",,,MEMBER_NETWORK
2021-04-05 14:36:37,https://www.linkedin.com/feed/update/urn%3Ali%3Ashare%3A6784846230498496512,"Grab this opportunity to showcase your child's talent and gear him/her up for the upcoming Exam...""
""""
""A very nice initiative from iNeuron.ai to reform the education industry...""
""PARTICIPATE KAREGA TBHI TO BADHEGA... ""
""#education #students #edtech #learning #opportunity #talent #cbse2021 #participatenow ""
""""
""Affordable Education For All...""
""Brought You By iNeuron.ai""
""""
""For more info subscribe to iNeuron Channel for more ""
""LIVE Updates: https://lnkd.in/gFzMytj""
""""
""if you want to know more about iNeuron and how it is reforming the education sector read my answer: ""
""https://lnkd.in/gxhyJUT""
""""
""https://lnkd.in/g7c9hZf",,,MEMBER_NETWORK
2021-03-07 21:27:57,https://www.linkedin.com/feed/update/urn%3Ali%3Ashare%3A6774440498733162496,"Hi,""
""Iâ€™ve pledged my support for global gender-equality today. Would love for you to join me to help spread the word and together, we can stand to win some cool Amazon vouchers too. Sounds amazing right? Click here to pledge now, understand the challenge details and join me in this challenge now.""
""""
""https://lnkd.in/gutsaSK""
""""
""Hope to see you there! #IStandForGenderEquality #internationalwomensday2021 #JoinTheMovement""
""#iwd2021 #genderequality #tsf""
""""
""Cheers!""
""Anand Jha #",,,MEMBER_NETWORK
2021-03-07 21:27:57,https://www.linkedin.com/feed/update/urn%3Ali%3Ashare%3A6774440498733162496,"Hi,""
""Iâ€™ve pledged my support for global gender-equality today. Would love for you to join me to help spread the word and together, we can stand to win some cool Amazon vouchers too. Sounds amazing right? Click here to pledge now, understand the challenge details and join me in this challenge now.""
""""
""https://lnkd.in/gutsaSK""
""""
""Hope to see you there! #IStandForGenderEquality #internationalwomensday2021 #JoinTheMovement""
""#iwd2021 #genderequality #tsf""
""""
""Cheers!""
""Anand Jha #",,,MEMBER_NETWORK
2021-03-07 21:27:57,https://www.linkedin.com/feed/update/urn%3Ali%3Ashare%3A6774440498733162496,"Hi,""
""Iâ€™ve pledged my support for global gender-equality today. Would love for you to join me to help spread the word and together, we can stand to win some cool Amazon vouchers too. Sounds amazing right? Click here to pledge now, understand the challenge details and join me in this challenge now.""
""""
""https://lnkd.in/gutsaSK""
""""
""Hope to see you there! #IStandForGenderEquality #internationalwomensday2021 #JoinTheMovement""
""#iwd2021 #genderequality #tsf""
""""
""Cheers!""
""Anand Jha #",,,MEMBER_NETWORK
2021-03-07 21:27:57,https://www.linkedin.com/feed/update/urn%3Ali%3Ashare%3A6774440498733162496,"Hi,""
""Iâ€™ve pledged my support for global gender-equality today. Would love for you to join me to help spread the word and together, we can stand to win some cool Amazon vouchers too. Sounds amazing right? Click here to pledge now, understand the challenge details and join me in this challenge now.""
""""
""https://lnkd.in/gutsaSK""
""""
""Hope to see you there! #IStandForGenderEquality #internationalwomensday2021 #JoinTheMovement""
""#iwd2021 #genderequality #tsf""
""""
""Cheers!""
""Anand Jha #",,,MEMBER_NETWORK
2021-01-19 20:55:42,https://www.linkedin.com/feed/update/urn%3Ali%3AugcPost%3A6757400151104610305,"â€œWhere there is data smoke, there is business fire.â€ â€” Thomas Redman""
""""
""""Try Hi Nahi Kiya To kya Kiya...""""
""So finally after juggling throughout the day with different options in MS-Excel, here is my attempt to create a US Superstore Sales data dashboard for Alphaa AI week2 fellowship program. A bit late though but learned a lot in this story creation journey where I have tried to display few parameters about the store business across various states.""
""""
""Feel free to comment on the same if you have any views on it.""
""""
""With Saurabh Moody Voiceman & Preksha Kaparwan I invite you to join the largest Alphaa Al Citizen Data Scientists Community. ğŸ‘‰ https://lnkd.in/earVaj4""
""â€""
""We are on a mission to make data access for everyone as easy as asking questions on data without needing any IT Support ğŸ˜""
""""
""#alphaaai #week1 #fellowship #citizendatascientist #exceldashboard #businessanalyst #dashboardsdeexcel #sales #business #profit #revenue #learninganddevelopment #learningfromhome ",,,MEMBER_NETWORK
2021-01-10 09:21:17,https://www.linkedin.com/feed/update/urn%3Ali%3AugcPost%3A6753963905741156352,"â€œNever though Excel can be made put to use for creating such a story.â€""
""""
""Hello Folks ..!!""
""I am really excited to show you all my first #exceldashboards   #ipl2020 where 3 batsman basic details I have tried to show using dashboard creation.This was my task for #week0 task of Alpha AI fellowship .""
""""
""Today, I start my journey of becoming a Citizen Data Scientist with my Alphaa AI community who bring in a data-first approach to every decision we make.""
""""
""With Saurabh Moody Voiceman & Preksha Kaparwan coupled with help from Shantanil Bagchi I invite you to join the largest Alphaa Al Citizen Data Scientists Community ""
""ğŸ‘‰ https://lnkd.in/gpyvPXh""
""â€""
""We are on a mission to make data access for everyone as easy as asking questions on data without needing any IT Support ğŸ˜""
""""
""More to dig in...""
""""
""#alphaaai #week0 #fellowship #citizendatascientist #firstdatastoryusingexcel #exceldashboard #indianpremierleague #learningeveryday #learningbydoing ",,,MEMBER_NETWORK
2021-01-04 03:41:31,https://www.linkedin.com/feed/update/urn%3Ali%3AugcPost%3A6751704073113870336,"Finally done with my 9 months intensive Data Science Course from Simplilearn in partnership with Purdue University and collaboration with IBM starting in March 2020.""
""""
""In Simplilearnâ€™s Post Graduate Program in Data Science,  mastered the concepts of statistics, data science and its applications, Python and R programming, machine learning, Tableau, and natural language processing. Gained hands-on exposure to organizing data, data analysis using R and Python, implementing machine learning models, and designing dashboards using Tableau. ""
""""
""This program also introduced integrated Blended Learning by providing the skills learned by solving a real-world, industry-aligned data science problem as part of the Capstone project.""
""""
""Thanks to all the faculties such as Sonal Ghanshani, Samridhi Dutta, Ramanathan Somasundaram from Simplilearn who have been so kind and generous in making the concepts to the point.""
""""
""Time to explore more and dig in further...""
""""
""#simplilearn #purdueuniversity #purduealumni  #datasciencetraining #datasciencecourse  #dataanalysis #statisticalanalysis  #machinelearning #pythonprogramming #nlp #tableaudesktop #rprogramminglanguage #machinelearningalgorithms""
""#learnbydoing",,,MEMBER_NETWORK
2020-12-29 21:19:08,https://www.linkedin.com/feed/update/urn%3Ali%3AugcPost%3A6749795903365902336,"Completed successfully Tableau course from Simplilearn and got a good insight of visualizations.""
""""
""#tabletop #simplilearn #learningbypractice #dataanalytics #datavisualization #learninganalytics #learningeveryday #learndatascience #learnandgrow ",,,MEMBER_NETWORK
2020-11-04 17:04:18,https://www.linkedin.com/feed/update/urn%3Ali%3Ashare%3A6729800440118173696,"Are you dreaming of studying in a top Euro, Asian, or US Business School?""
""ANANLEARNINGACADEMY and MBA Center, our partner for admission consulting services offer you to join our next Webinar.""
""""
""This November, MBA Center is organizing a series of regular webinars on a weekly basis focusing on MBA and Master programs at top Ivy League Schools in the United States and top European Business Schools. These webinars provide a venue for admission officers, alumni, and admission consultants to share practices, ideas, and resources related to the Business Schools admission process. The panels will share their knowledge of the programs, campus life, potential internships, immigration, and post-graduation employment prospects. ""
""""
""To register, please click on the link below:""
""https://lnkd.in/ggFSE_k""
""""
""Websites & Blogs For More Info :""
""https://lnkd.in/gTqwvPB""
""https://lnkd.in/gHXk_aj""
""https://lnkd.in/gb-iwtW""
""https://lnkd.in/gFzCXFq""
""Looking forward to â€œmeetingâ€ you all in this Webinar.""
""""
""Thanks & Regards""
""Anand Jha""
""CEO, Founder & Director,""
""ANANLEARNINGACADEMY PVT LTD""
""Phone : +919008276611""
""Website: https://lnkd.in/giQnRe3",,,MEMBER_NETWORK
2020-10-30 12:42:32,https://www.linkedin.com/feed/update/urn%3Ali%3AugcPost%3A6727922624862797824,#datascience #nlp #simplilearn #learningjourney #learnbycoding #keeplearningkeepgrowing #datasciencejourney ,,,MEMBER_NETWORK
2020-10-29 16:53:44,https://www.linkedin.com/feed/update/urn%3Ali%3AugcPost%3A6727623453815529472,"#datasciencejourney #datascience #machinelearning #machinelearningalgorithms #learnbydoing #simplilearn""
""#learningeveryday #learningneverstops ##keeplearningkeepgrowing ",,,MEMBER_NETWORK
2020-10-29 16:45:29,https://www.linkedin.com/feed/update/urn%3Ali%3AugcPost%3A6727621376846495744,#learningeveryday #learningjourney #datasciencecourse #pythonfordatascience #simplilearn #keeplearningkeepgrowing ,,,MEMBER_NETWORK
2020-09-17 10:45:18,https://www.linkedin.com/feed/update/urn%3Ali%3Ashare%3A6712310444851363841,https://lnkd.in/gzBR2np,,,MEMBER_NETWORK
2020-09-12 04:57:31,https://www.linkedin.com/feed/update/urn%3Ali%3Ashare%3A6710410983145259008,"What a way to start your Saturday morning when you get to see such an email from MCA.Finally my small startup towards reforming education sector got registered.""
""""
""Thanks to LegalWiz.in  for making this possible.Their continous effort at every step have made this possible.""
""""
""#companyregistration #certificateofincorporation #makesmefeelhappy ""
""#ministryofcorporateaffairs ""
""#longwaytogo #keepworkinghardforyourdreams",,,MEMBER_NETWORK
2020-09-11 22:06:27,https://www.linkedin.com/feed/update/urn%3Ali%3Ashare%3A6710307532696625152,"Hey Everyone ..!!""
""It gives me immense pleasure that I've completed the Machine Learning Scholarship Program for the Microsoft Azure Foundational Course. ""
""The course consisted of 8 lessons, covering concepts of artificial intelligence, machine learning, leveraging managed services for machine learning through the Azure framework, and responsible and ethical AI. ""
""It was a hands-on course, with multiple labs fostering each and every concept application on Azure.""
""""
""I recently completed the #50DaysofUdacity challenge, where I worked on the course, every day, for 50 days straight and completed much before the deadline.""
""""
""This challenge taught me the benefits of consistency and the amazing results that can be achieved through relentlessness. A huge thanks to Palak Sadani and Brenda Law for their daily motivation and high energy. Looking forward to the other initiatives and activities in store in this scholarship program!""
""""
""#machinelearning #ai #udacity #microsoftazuremachinelearning #50DaysofUdacity",,,MEMBER_NETWORK
2020-09-07 20:01:21,https://www.linkedin.com/feed/update/urn%3Ali%3AugcPost%3A6708826500642299904,"#21Daysofmlwithcw""
""#codewarriors""
""#day5 #summary""
""#machinelearning""
""#multipleLinearRegression""
""""
""1.MLR talks about the relationship between two or more independent variables and one dependent variable say for example salary of a person in a company can be modeled as MLR because it depends on so many factors such as past experience, technical background, age, etc.""
""""
""2.The mathematics involved behind it assumes that each independent variables can be modeled as independent linear regression as y1 = m1x1+c1,""
""y2 = m2x2+c2,y3=m3x3+c3,... so on summing which yields result y=m1x1+m2x2+m3x3c where c = c1+c2+c3...and x1,x2,x3 are independent variables which are considered while predicting y values.""
""""
""3.The model is implemented by importing linear regression from the sci-kit learn library and accordingly predicting values on test data.""
""""
""4.Advantages & disadvantages involving MLR",,,MEMBER_NETWORK
2020-09-04 15:20:20,https://www.linkedin.com/feed/update/urn%3Ali%3AugcPost%3A6707668617254858752,"#21DaysOfML #21daysofcodewithcw  #Day1 #summary ""
""1. Definition of machine learning - its relevance and its use in various fields such as home automation, self-driving cars, image - recognition, etc""
""2.How to build a basic ML Model.""
""3.ML Types- Supervised, Unsupervised, and Reinforcement""
""4. Introduction to Scikit-learn & its installation in jupyter notebook via anaconda.",,,MEMBER_NETWORK
2020-09-04 15:15:21,https://www.linkedin.com/feed/update/urn%3Ali%3AugcPost%3A6707667363342503937,"#21DaysOfML #21daysofcodewithcw  #Day2 #summary ""
""1.Numpy - its installation & importance in DS & its use.""
""2.Working with various Data Structures such as vectors, lists, matrix, etc""
""3. Accessing elements of various data structures mentioned above.""
""4. Calculating shape, size, dimension, min & max of a matrix.""
""5.Matrix multiplication involving dot product,element-wise, and various other arithmetic operations.""
""6. A matrix having zeros and ones as its elements.""
""7. Generating Random numbers between the limits.""
""",,,MEMBER_NETWORK
2020-09-04 15:08:38,https://www.linkedin.com/feed/update/urn%3Ali%3AugcPost%3A6707665670261346304,"#21DaysOfML #21daysofcodewithcw  #Day3 #summary ""
""1. Working With pandas - installation & its use in ML ""
""2. Data manipulation -  Various methods and attributes such as head(),info(),shape,value_counts(),etc""
""3. How to access rows & columns.""
""4. Data Aggregation,sorting & grouping by various columns""
""5. Data Filtration techniques.",,,MEMBER_NETWORK
2020-09-04 15:02:46,https://www.linkedin.com/feed/update/urn%3Ali%3AugcPost%3A6707664195602784256,"#21DaysOfML #21daysofcodewithcw  #Day4 #summary ""
""1. The concept covered in the video was an overview of Simple Linear Regression - the relationship between independent & dependent variables & various types.""
""2.Mathematics behind it.""
""3. Both variables should be quantitative as it predicts the outcome.""
""4..How to implement it - Using sci-kit learn library.",,,MEMBER_NETWORK
2020-07-16 11:40:59,https://www.linkedin.com/feed/update/urn%3Ali%3Ashare%3A6689494022580527104,"Got featured in India School news magazine :)""
""""
""#feelsgood #indiaschoolnews #entrepreneurship #followyourpassion #journeytosuccess #dowhatyoulove #dowhatmakesyouhappy #learningcontinues ""
""""
""https://lnkd.in/gtH3C8Z",,,MEMBER_NETWORK
2020-07-08 14:39:29,https://www.linkedin.com/feed/update/urn%3Ali%3Ashare%3A6686639837673594881,"It gives me immense pleasure to share that I have been selected from a pool of talented applicants, to recieve the Microsoft Azure machine learning Scholarship.""
""I would like thank Udacity Mentors & Reviewers Opportunities""
""and Microsoft for providing me with this amazing opportunity!""
""""
""#letslearntogether #letsupgrade ""
""#UdacityMicrosoftMLScholarship""
""#udacity #azure #microsoft #machinelearning",,,MEMBER_NETWORK
2020-06-20 21:22:52,https://www.linkedin.com/feed/update/urn%3Ali%3Ashare%3A6680218370803015680,"Hire quality talent or find the best #jobs with CutShort, an AI powered #hiring platform. Get free platform credits and even earn money by joining via my invite link:",https://cutshort.io?refCode=V1wDDizj_&utm_campaign=viral&utm_source=platformshareforcredits&utm_medium=linkedin&shareid=x3cfW,https://cdn.cutshort.io/public/images/og-logo-rect.jpg,MEMBER_NETWORK
2020-06-20 21:22:45,https://www.linkedin.com/feed/update/urn%3Ali%3Ashare%3A6680218342684409856,"Hire quality talent or find the best #jobs with CutShort, an AI powered #hiring platform. Get free platform credits and even earn money by joining via my invite link:",https://cutshort.io?refCode=V1wDDizj_&utm_campaign=viral&utm_source=platformshareforcredits&utm_medium=linkedin&shareid=m6rRt,https://cdn.cutshort.io/public/images/og-logo-rect.jpg,MEMBER_NETWORK
2020-06-11 20:02:23,https://www.linkedin.com/feed/update/urn%3Ali%3Ashare%3A6676936627509596160,View my verified achievement from IBM.,https://www.youracclaim.com/badges/ef3d12b1-fb7d-47dc-97ae-d1d65d698ee2/linked_in,https://images.youracclaim.com/images/b5243e36-b05f-426b-994a-87a535f1c217/linkedin_thumb_Build%2Byour%2Bown%2Bchatbot%2B-%2BCC%2Bv3.png,MEMBER_NETWORK
2020-06-11 20:02:23,https://www.linkedin.com/feed/update/urn%3Ali%3Ashare%3A6676936627509596160,View my verified achievement from IBM.,https://www.youracclaim.com/badges/ef3d12b1-fb7d-47dc-97ae-d1d65d698ee2/linked_in,https://images.youracclaim.com/images/b5243e36-b05f-426b-994a-87a535f1c217/Build%2Byour%2Bown%2Bchatbot%2B-%2BCC%2Bv3.png,MEMBER_NETWORK
2020-06-11 19:55:25,https://www.linkedin.com/feed/update/urn%3Ali%3AugcPost%3A6676934874554757120,#Chatbots #DataScienceJourney #MilestoneAchieved #soonToDeployOnMyWebsite #funfilledlearning # #simplilearn #ibmcertification ,,,MEMBER_NETWORK
2020-05-29 12:54:24,https://www.linkedin.com/feed/update/urn%3Ali%3AugcPost%3A6672117878873042944,#datasciencecourse #datascience #pythonfordatascience #ibmcertification #simplilearn #keeplearning #keepgrowing #milestoneachieved #journeycontinues ,,,MEMBER_NETWORK
2020-05-25 21:39:22,https://www.linkedin.com/feed/update/urn%3Ali%3Ashare%3A6670800440705347584,"#pythonprogramming #pythonfordatascience #milestoneachieved #coding ""
""#codingisfun #codinglife #learntocode ",,,MEMBER_NETWORK
2020-05-25 19:37:15,https://www.linkedin.com/feed/update/urn%3Ali%3Ashare%3A6670769706699489280,"#dataanalytics #cutshort #learningduringlockdown #milestoneachieved #longwaytogo""
""#codingisfun #dataanalysis #learntocode #codinglife ",,,MEMBER_NETWORK
2020-05-25 19:03:49,https://www.linkedin.com/feed/update/urn%3Ali%3AugcPost%3A6670761295228346368,#datasciencecourse #datascience #simplilearn #rprogramming #milestoneachieved #journeyToBeContinued #makingmyselfuseful #codingisfun #learnbydoing ,,,MEMBER_NETWORK
2020-05-25 16:57:52,https://www.linkedin.com/feed/update/urn%3Ali%3Ashare%3A6670729597543436288,View my verified achievement from IBM.,https://www.youracclaim.com/badges/409bce06-6575-4a9c-949c-003f063f17b0/linked_in,https://images.youracclaim.com/images/84ac9eff-b8a2-4683-846b-f59887a73801/Python%2B101%2BData%2BScience.png,MEMBER_NETWORK
2020-05-25 16:57:52,https://www.linkedin.com/feed/update/urn%3Ali%3Ashare%3A6670729597543436288,View my verified achievement from IBM.,https://www.youracclaim.com/badges/409bce06-6575-4a9c-949c-003f063f17b0/linked_in,https://images.youracclaim.com/images/84ac9eff-b8a2-4683-846b-f59887a73801/linkedin_thumb_Python%2B101%2BData%2BScience.png,MEMBER_NETWORK
2020-05-24 00:50:58,https://www.linkedin.com/feed/update/urn%3Ali%3Ashare%3A6670123884215455744,"#datascience #dataanalytics #machinelearningalgorithms #learningjourney ""
""#makingmyselfuseful #longwaytogo ",,,MEMBER_NETWORK
2020-05-18 17:17:49,https://www.linkedin.com/feed/update/urn%3Ali%3AugcPost%3A6668197905414934528,"Just finished the course â€œSocial Network Analysis Using Râ€! Making Myself Useful During LOCKDOWN..!!""
""Got a good insights of Social Network Analysis Using R.",https://lnkd.in/gscdYAr,,MEMBER_NETWORK
2020-05-18 15:13:50,https://www.linkedin.com/feed/update/urn%3Ali%3AugcPost%3A6668166704532733953,#businessanalytics #exceltraining #dataanalytics #simplilearn #makingmyselfuseful #milestoneachieved #longwaytogo #datavisualization #datasciencecourse ,,,MEMBER_NETWORK
2020-05-15 17:34:55,https://www.linkedin.com/feed/update/urn%3Ali%3Ashare%3A6667115042913304576,Try to Explore and Make Best Use of it during lockdown..!!,https://www.datacamp.com/freeweek,https://www.datacamp.com/datacamp-freeweek.png,MEMBER_NETWORK
2020-05-12 16:35:08,https://www.linkedin.com/feed/update/urn%3Ali%3AugcPost%3A6666012835560194048,#datascience #dataanalytics #makingmyselfuseful #learningexperience #simplilearn #milestoneachieved #journeycontinues...,,,MEMBER_NETWORK
2020-05-06 17:59:47,https://www.linkedin.com/feed/update/urn%3Ali%3AugcPost%3A6663859812822069248,Just finished the course â€œInsights on Data Science: Lillian Piersonâ€! #datascience #bigdata,https://lnkd.in/gwEHB_P,,MEMBER_NETWORK
2020-05-05 22:31:17,https://www.linkedin.com/feed/update/urn%3Ali%3AugcPost%3A6663565746687348737,Just finished the course â€œLearning Râ€! #datavisualization #r #dataanalysis,https://lnkd.in/gqrp34z,,MEMBER_NETWORK
2020-04-30 07:09:48,https://www.linkedin.com/feed/update/urn%3Ali%3AugcPost%3A6661521908489691136,#simplilearn #datasciencecourse #statistics #longWayToGo #keeplearning #keepgrowing ,,,MEMBER_NETWORK
2020-04-28 16:21:11,https://www.linkedin.com/feed/update/urn%3Ali%3AugcPost%3A6660935896625479680,Just finished the course â€œStatistics Foundations: 3â€! Whatâ€™s something you learned this week?,https://lnkd.in/gRPy3F6,,MEMBER_NETWORK
2020-04-28 12:34:37,https://www.linkedin.com/feed/update/urn%3Ali%3AugcPost%3A6660878878829096960,Just finished the course â€œStatistics Foundations: 2â€! Whatâ€™s something you learned this week?,https://lnkd.in/gwCtjWU,,MEMBER_NETWORK
2020-04-27 14:26:35,https://www.linkedin.com/feed/update/urn%3Ali%3AugcPost%3A6660544666393554946,Just finished the course â€œStatistics Foundations: 1â€! Whatâ€™s something you learned this week? #statistics,https://lnkd.in/g7tdbja,,MEMBER_NETWORK
2020-04-27 11:59:35,https://www.linkedin.com/feed/update/urn%3Ali%3AugcPost%3A6660507673647284224,#makingMyselfUseful #datasciencecourse  #rprogramming #programminglife #learningexperience #longwaytogo # #codinglife #codingisfun #learnbydoing #activelearning #learntocode ,,,MEMBER_NETWORK
2020-03-31 07:21:51,https://www.linkedin.com/feed/update/urn%3Ali%3Ashare%3A6650653307687788544,Want to unleash the potential in you and get hired by top companies? Check out Instahyre where top recruiters are looking out for you.,https://www.instahyre.com/join/qXfwaxHM/?utm_source=linkedin&utm_campaign=signup&utm_medium=candidate_share&utm_content=msg_32,,MEMBER_NETWORK
2019-06-08 11:31:16,https://www.linkedin.com/feed/update/urn%3Ali%3Ashare%3A6543086878814507008,"#NoMoreWorries #NoMoreGettingStucked #AnytymAnywhereAnyPlace""
""#hometutions #poster #allGrades #allSchools #feelTheDifference #onetoOneteaching #jorneyAhead""
""#longWayToGo ",,,MEMBER_NETWORK
2019-03-01 16:52:22,https://www.linkedin.com/feed/update/urn%3Ali%3Ashare%3A6507291289069948928,"It feels honoured when someone writes about your journey in life and how you are changing the life around you.""
""#loveyourpassion #neverquit #dowhatyoulove ",,,MEMBER_NETWORK
2019-02-19 05:45:16,https://www.linkedin.com/feed/update/urn%3Ali%3Ashare%3A6503499529080410112,"Actively looking for a job from past few months.Any help will be appreciated .""
""""
""Job Profile : Java Developer""
""Exp : 2 Yrs""
""Total IT Exp : 2.5 Yrs""
""Available for Immediate Joinee""
""""
""#java #javaprofile #javajob #immediatejoinee #needhelp  #itdevelopment #immediatejoiningjoinee #javajobs #productdevelopment #availability #sql #javaopenings",,,MEMBER_NETWORK
2018-05-24 11:34:21,https://www.linkedin.com/feed/update/urn%3Ali%3AugcPost%3A6405380267346890752,"Really a great thought to follow upon.""
""Do what you like, Do what you want to achieve in your life.There may be many people against you trying to demotivate you all the time but you have  keep going and saying to yourself....KUCH ALAG KRTE HAI... KUCH NAYA KRTE HAI... ",,,MEMBER_NETWORK
2015-07-20 19:05:19,https://www.linkedin.com/feed/update/urn%3Ali%3Ashare%3A6028972762205278208,Nominate Please :),,,MEMBER_NETWORK
2015-04-20 00:39:58,https://www.linkedin.com/feed/update/urn%3Ali%3Ashare%3A5995717298399305728,,,,MEMBER_NETWORK
2012-10-11 21:34:36,https://www.linkedin.com/feed/update/urn%3Ali%3AgroupPost%3A1269987-174394387,"looking for internship in some electronics company.....currently am in 3rd year of my bachelor degree(ECE)""
""""
""",,,MEMBER_NETWORK
